name,created_at,merged_prs,total_of_stars,total_of_closed_issues,total_of_issues,last_update_date,primary_language,total_of_releases
d3,2010-09-27,463,106189,2158,2162,2023-09-06T17:06:37+00:00,Shell,193
material-ui,2014-08-18,16308,88494,16476,17877,2023-09-06T19:23:05+00:00,TypeScript,423
storybook,2016-03-18,8780,80259,9690,11343,2023-09-06T19:41:22+00:00,TypeScript,1272
advanced-java,2018-10-06,75,71485,138,141,2023-09-06T17:18:04+00:00,Java,1
neovim,2014-01-31,10652,69158,8757,10152,2023-09-06T19:53:01+00:00,Vim Script,33
Front-End-Checklist,2017-10-16,173,65987,143,144,2023-09-06T17:11:59+00:00,Front-End-Checklist,1
markdown-here,2012-05-13,20,59136,308,607,2023-09-06T19:47:57+00:00,JavaScript,11
tesseract,2014-08-12,1324,53112,2150,2538,2023-09-06T19:49:32+00:00,C++,26
guava,2014-05-29,374,48228,2862,3494,2023-09-06T16:00:09+00:00,Java,40
okhttp,2012-07-23,3188,44437,3806,3890,2023-09-06T15:20:29+00:00,Kotlin,0
act,2019-01-02,771,42893,799,955,2023-09-06T19:43:19+00:00,Go,58
awesome-wechat-weapp,2016-09-22,275,41970,0,0,2023-09-06T17:26:15+00:00,awesome-wechat-weapp,0
pixijs,2013-01-21,2832,40833,5073,5237,2023-09-06T19:47:33+00:00,TypeScript,206
core,2018-06-12,2038,40045,3613,4316,2023-09-06T19:00:43+00:00,TypeScript,156
dive,2018-05-13,135,38184,162,291,2023-09-06T19:37:10+00:00,Go,25
Deep-Learning-Papers-Reading-Roadmap,2016-10-14,28,36215,4,53,2023-09-06T17:25:23+00:00,Python,0
Prompt-Engineering-Guide,2022-12-16,170,35408,25,80,2023-09-06T19:26:05+00:00,MDX,0
chakra-ui,2019-08-17,2203,34266,3217,3378,2023-09-06T19:29:04+00:00,TypeScript,3158
deeplearningbook-chinese,2016-12-07,16,34141,138,200,2023-09-06T18:24:29+00:00,TeX,7
TaskMatrix,2023-03-02,21,34014,131,336,2023-09-06T19:24:35+00:00,Python,0
cs-self-learning,2021-10-20,201,33542,69,138,2023-09-06T16:11:38+00:00,HTML,3
shadowsocks,2012-04-20,70,33433,0,0,2023-09-06T19:49:39+00:00,Python,2
free,2020-06-07,0,33251,164,538,2023-09-06T18:21:11+00:00,free,0
PaddleOCR,2020-05-08,2218,32983,7197,7875,2023-09-06T15:26:08+00:00,Python,6
AndroidUtilCode,2016-07-30,87,32438,1275,1545,2023-09-06T17:26:59+00:00,Java,117
ijkplayer,2013-06-03,35,31625,2525,5296,2023-09-06T11:49:58+00:00,C,0
jieba,2012-09-29,96,31175,219,831,2023-09-06T16:20:46+00:00,Python,9
yuzu,2018-01-03,5842,30579,3098,4432,2023-09-06T19:18:18+00:00,C++,0
ui,2023-01-04,184,29949,283,766,2023-09-06T19:21:14+00:00,TypeScript,10
pandoc,2010-03-20,1480,29864,6086,7016,2023-09-06T18:01:45+00:00,Haskell,124
Awesome-Design-Tools,2019-02-12,283,29266,25,32,2023-09-06T18:19:57+00:00,JavaScript,0
photoprism,2018-01-27,538,28528,1499,1877,2023-09-06T18:12:33+00:00,Go,61
streamlit,2019-08-24,3061,26974,2910,3544,2023-09-06T19:20:40+00:00,Python,63
lede,2017-09-06,1810,26949,7314,7919,2023-09-06T16:40:11+00:00,C,6
AI-Expert-Roadmap,2020-10-24,13,26669,45,60,2023-09-06T15:02:30+00:00,JavaScript,0
stanford_alpaca,2023-03-10,6,26636,94,252,2023-09-06T19:18:09+00:00,Python,0
canal,2013-01-13,425,26619,3297,4194,2023-09-06T15:11:07+00:00,Java,26
influxdb,2013-09-26,9577,26064,11192,12938,2023-09-06T17:13:02+00:00,Go,78
jq,2012-07-18,428,25890,1691,2080,2023-09-06T19:01:30+00:00,C,11
MetaGPT,2023-06-30,69,25449,66,181,2023-09-06T19:06:11+00:00,Python,2
vagrant,2010-01-21,2645,25403,8776,9394,2023-09-06T08:44:52+00:00,Ruby,76
handson-ml,2016-02-16,56,25039,433,554,2023-09-06T15:18:09+00:00,Jupyter Notebook,0
modern-js-cheatsheet,2017-09-18,83,24740,41,50,2023-09-06T15:24:53+00:00,modern-js-cheatsheet,0
Ryujinx,2018-02-04,2595,24698,1796,2334,2023-09-06T19:18:22+00:00,C#,0
OpenBBTerminal,2020-12-20,2957,24184,1698,1902,2023-09-06T19:55:45+00:00,Python,28
iTerm2-Color-Schemes,2011-04-01,280,23440,82,100,2023-09-06T08:16:35+00:00,Shell,0
vapor,2016-01-18,1140,23149,1489,1592,2023-09-06T19:22:44+00:00,Swift,496
sails,2012-03-18,544,22637,5853,6356,2023-09-04T17:59:38+00:00,JavaScript,42
openssl,2013-01-15,118,22588,6815,8839,2023-09-06T13:40:23+00:00,C,12
draft-js,2016-02-19,216,22481,978,1775,2023-09-05T21:18:42+00:00,JavaScript,26
vim-signify,2013-03-05,75,2615,267,276,2023-08-28T19:44:29+00:00,Vim Script,0
jquery-ujs,2010-01-29,77,2613,261,317,2023-08-14T23:53:24+00:00,JavaScript,9
react-native-fetch-blob,2016-05-04,76,2603,383,620,2023-08-22T18:35:17+00:00,JavaScript,81
django-rest-swagger,2013-06-13,174,2591,366,496,2023-08-23T20:36:47+00:00,Python,5
Tiny,2017-04-04,3,2572,27,89,2023-08-30T11:41:02+00:00,C,1
mxnet-the-straight-dope,2017-07-11,323,2555,80,200,2023-08-01T12:09:57+00:00,Jupyter Notebook,3
SIAlertView,2013-05-03,20,2530,20,63,2023-08-13T10:54:50+00:00,Objective-C,0
react-native-drawer,2015-04-12,46,2522,145,299,2023-08-23T08:16:13+00:00,JavaScript,2
vue-hackernews,2014-10-09,13,2515,25,33,2023-08-30T06:18:35+00:00,Vue,0
erpc,2015-06-27,30,2497,55,66,2023-08-24T04:31:00+00:00,Go,55
condom,2017-03-26,1,2488,27,32,2023-08-30T00:45:35+00:00,Java,10
flexbox-patterns,2016-01-03,6,2475,4,4,2023-08-19T18:24:25+00:00,CSS,7
fe-material,2018-01-17,0,2462,2,3,2023-08-21T17:39:09+00:00,fe-material,0
webpackmonitor,2017-09-14,62,2425,11,40,2023-08-28T05:06:23+00:00,JavaScript,0
coder,2013-06-19,5,2417,48,109,2023-08-06T21:03:10+00:00,JavaScript,0
android-material-design-icon-generator-plugin,2014-12-30,30,2416,29,45,2023-08-31T01:50:48+00:00,Java,4
video-maker,2019-02-21,26,2375,187,278,2023-08-31T00:46:10+00:00,JavaScript,0
Balloons.IO,2011-09-03,16,2372,58,95,2023-08-16T20:14:41+00:00,CSS,0
sketch-to-react-native,2017-10-03,6,2334,9,34,2023-08-22T17:43:01+00:00,Python,0
ABTestingGateway,2015-07-19,10,2330,34,109,2023-08-10T03:31:02+00:00,Perl,2
the-front-end-knowledge-you-may-not-know,2017-07-04,1,2279,5,42,2023-08-28T10:09:58+00:00,the-front-end-knowledge-you-may-not-know,1
LABjs,2009-11-08,1,2278,104,114,2023-08-22T16:33:08+00:00,HTML,1
TKSubmitTransition,2015-08-07,23,2275,30,39,2023-08-27T18:27:21+00:00,Swift,3
angular-seed-advanced,2016-01-27,94,2272,326,368,2023-08-29T09:27:37+00:00,TypeScript,0
NavigationTabStrip,2016-05-15,5,2242,22,59,2023-08-13T16:32:19+00:00,Java,4
request-log-analyzer,2008-07-25,37,2242,127,144,2023-08-21T19:40:32+00:00,Ruby,0
lad,2011-11-16,69,2239,254,260,2023-08-30T12:34:26+00:00,JavaScript,38
search,2015-09-28,78,2229,0,0,2023-08-31T00:36:04+00:00,Kotlin,5
browser-diet,2012-01-02,121,2211,135,137,2023-08-17T13:48:33+00:00,CSS,0
TransmogrifAI,2017-11-02,345,2206,108,143,2023-08-28T02:50:20+00:00,Scala,9
Love,2011-11-01,0,2199,2,20,2023-08-23T01:57:01+00:00,JavaScript,0
fake2db,2014-02-18,25,2192,15,22,2023-08-30T13:44:27+00:00,Python,2
react-autocomplete,2014-06-09,47,2162,173,231,2023-08-28T05:08:18+00:00,JavaScript,0
hologram,2013-04-04,104,2157,113,149,2023-08-21T11:07:40+00:00,Ruby,0
ViewInspector,2015-10-18,24,2154,25,37,2023-08-25T09:04:04+00:00,Java,0
OAStackView,2015-06-15,31,2154,38,62,2023-08-27T23:04:43+00:00,Objective-C,0
pact-ruby,2013-11-26,92,2144,117,168,2023-08-29T11:32:38+00:00,Ruby,20
skyline,2013-06-10,26,2131,23,52,2023-08-14T13:25:01+00:00,Python,0
subpixel,2016-08-11,8,2131,14,49,2023-06-22T20:18:51+00:00,Jupyter Notebook,0
PyLaTeX,2014-01-15,67,2115,137,239,2023-08-30T10:44:15+00:00,Python,12
runtime,2017-11-13,1174,2111,1714,1714,2023-08-30T03:08:41+00:00,Go,90
dancer.js,2012-03-24,4,2105,19,52,2023-08-29T13:42:54+00:00,JavaScript,0
Matterwiki,2016-08-18,35,2097,51,93,2023-08-29T16:49:09+00:00,JavaScript,1
ELF,2017-06-06,35,2091,53,90,2023-08-29T18:49:23+00:00,C++,0
terminal-in-react,2017-07-07,26,2090,38,74,2023-08-30T15:56:52+00:00,JavaScript,13
chalktalk,2014-05-30,28,2089,11,20,2023-08-15T16:14:09+00:00,JavaScript,0
nginx-conf,2015-02-09,1,2088,1,2,2023-08-30T02:18:51+00:00,nginx-conf,0
wmail,2016-01-12,25,2085,0,0,2023-07-26T03:33:43+00:00,JavaScript,40
RBBAnimation,2013-10-11,10,2069,8,12,2023-08-23T15:57:43+00:00,Objective-C,2
landslide,2010-05-12,54,2067,110,143,2023-08-28T23:41:37+00:00,CSS,0
devops-exercises,2019-10-03,244,57688,53,69,2023-09-06T19:49:50+00:00,Python,0
33-js-concepts,2018-09-04,169,57525,37,56,2023-09-06T15:18:50+00:00,JavaScript,0
nocode,2018-02-06,1,57520,628,4527,2023-09-06T17:53:07+00:00,Dockerfile,1
lodash,2012-04-07,573,57113,3795,4154,2023-09-06T19:00:06+00:00,JavaScript,2
grafana,2013-12-11,34657,56974,28008,31620,2023-09-06T17:26:03+00:00,TypeScript,381
shadowsocks-windows,2013-01-14,278,56929,2728,2872,2023-09-06T19:49:40+00:00,C#,55
funNLP,2018-08-21,14,56488,47,61,2023-09-06T16:41:51+00:00,Python,0
supabase,2019-10-12,6025,56329,2308,2540,2023-09-06T19:34:12+00:00,TypeScript,28
echarts,2013-04-03,1209,56244,15055,17316,2023-09-06T16:39:34+00:00,TypeScript,111
awesome-for-beginners,2015-10-24,335,56081,117,134,2023-09-06T19:16:35+00:00,awesome-for-beginners,0
strapi,2015-09-30,6800,55851,7882,8220,2023-09-06T19:45:12+00:00,JavaScript,298
awesome-public-datasets,2014-11-20,188,55779,47,111,2023-09-06T19:51:03+00:00,awesome-public-datasets,1
scikit-learn,2010-08-17,11006,55629,8775,10383,2023-09-06T19:49:28+00:00,Python,34
cpython,2017-02-10,35957,55557,57558,64462,2023-09-06T19:17:27+00:00,Python,0
yt-dlp,2020-10-26,1553,55382,4564,5689,2023-09-06T19:48:31+00:00,Python,72
html5-boilerplate,2010-01-24,702,55206,1307,1311,2023-09-06T18:19:31+00:00,JavaScript,32
gatsby,2015-05-21,17928,54707,13847,13945,2023-09-06T18:05:03+00:00,JavaScript,133
hoppscotch,2019-08-21,1190,54223,972,1107,2023-09-06T19:58:24+00:00,TypeScript,26
element,2016-09-03,3229,53644,15210,17557,2023-09-06T18:29:06+00:00,Vue,145
rails,2008-04-11,21914,53438,16157,16547,2023-09-06T19:48:26+00:00,Ruby,102
Java,2016-07-16,1079,53424,839,845,2023-09-06T18:44:40+00:00,Java,0
manim,2015-03-22,562,53209,709,1083,2023-09-06T18:37:55+00:00,Python,10
tesseract,2014-08-12,1324,53112,2150,2538,2023-09-06T19:49:32+00:00,C++,26
Ventoy,2020-03-10,260,52494,1433,1917,2023-09-06T17:15:15+00:00,C,93
leetcode,2018-03-30,255,52328,241,249,2023-09-06T15:46:19+00:00,JavaScript,40
Best-websites-a-programmer-should-visit,2017-03-05,375,52023,71,108,2023-09-06T19:50:54+00:00,Best-websites-a-programmer-should-visit,0
DeepLearning-500-questions,2018-06-27,302,51465,80,183,2023-09-06T15:31:16+00:00,JavaScript,0
react-router,2014-05-16,1961,50936,7086,7122,2023-09-06T19:11:36+00:00,TypeScript,255
normalize.css,2011-05-04,56,50882,456,501,2023-09-06T19:24:23+00:00,CSS,0
tabby,2016-12-23,1414,50339,2902,4420,2023-09-06T18:28:12+00:00,TypeScript,178
imgui,2014-07-21,315,50054,4287,5059,2023-09-06T19:13:17+00:00,C++,89
prometheus,2012-11-24,5420,49751,4514,5199,2023-09-06T17:48:40+00:00,Go,269
caddy,2015-01-13,1668,49519,3467,3560,2023-09-06T19:13:01+00:00,Go,110
ionic-framework,2013-08-20,4944,49489,20700,21114,2023-09-06T19:14:11+00:00,TypeScript,734
awesome-courses,2014-11-15,194,48996,39,72,2023-09-06T18:36:19+00:00,awesome-courses,0
awesome-cpp,2014-07-17,570,48733,225,566,2023-09-06T19:50:47+00:00,awesome-cpp,0
material-design-icons,2014-10-08,44,48564,1053,1298,2023-09-06T17:25:20+00:00,material-design-icons,16
alacritty,2016-02-18,1614,48462,4757,5049,2023-09-06T19:07:01+00:00,Rust,84
scrapy,2010-02-22,2010,48363,2373,2851,2023-09-06T18:03:39+00:00,Python,34
guava,2014-05-29,374,48228,2862,3494,2023-09-06T16:00:09+00:00,Java,40
you-get,2012-08-20,570,48100,0,0,2023-09-06T13:50:06+00:00,Python,118
openai-cookbook,2022-03-11,267,47444,152,244,2023-09-06T19:23:17+00:00,Jupyter Notebook,0
nuxt,2016-10-26,3603,47301,11837,12756,2023-09-06T16:54:50+00:00,TypeScript,196
git,2008-07-23,3,47248,0,0,2023-09-06T18:56:02+00:00,C,0
awesome-android-ui,2014-12-24,90,47240,92,104,2023-09-06T17:55:26+00:00,awesome-android-ui,0
RxJava,2013-01-08,3142,47209,3117,3132,2023-09-06T19:53:19+00:00,Java,232
jekyll,2008-10-20,3092,47187,4638,4725,2023-09-06T15:34:01+00:00,Ruby,107
faceswap,2017-12-19,353,46933,805,825,2023-09-06T16:00:59+00:00,Python,4
d2l-zh,2017-08-23,1020,46816,0,0,2023-09-06T19:24:17+00:00,Python,16
v2rayN,2019-07-30,102,46796,3433,3612,2023-09-06T18:24:20+00:00,C#,159
overleaf,2014-02-08,112,11562,673,918,2023-09-06T17:49:03+00:00,JavaScript,4
rofi,2013-01-20,252,11528,1167,1208,2023-09-06T19:06:20+00:00,C,36
peerjs,2012-12-23,165,11450,714,860,2023-09-06T16:40:35+00:00,TypeScript,21
mousetrap,2012-07-05,31,11448,183,373,2023-09-02T03:55:09+00:00,JavaScript,14
realm-java,2012-04-20,2704,11407,4198,4556,2023-09-02T02:39:28+00:00,Java,0
medis,2015-10-12,19,11339,135,193,2023-09-05T20:05:14+00:00,JavaScript,5
blur-admin,2016-04-08,5,11332,147,372,2023-09-06T09:45:37+00:00,JavaScript,1
labs,2016-04-20,276,11326,116,171,2023-09-06T12:56:21+00:00,PHP,0
react-native-macos,2015-10-04,63,11273,126,173,2023-09-05T15:58:06+00:00,JavaScript,9
react-slick,2014-11-16,235,11216,1227,1619,2023-09-06T14:41:37+00:00,JavaScript,40
raphael,2008-09-02,53,11213,565,879,2023-09-05T06:12:40+00:00,JavaScript,6
document-style-guide,2016-10-12,17,11199,43,43,2023-09-06T12:00:16+00:00,document-style-guide,0
jquery-ui,2010-01-19,362,11162,60,126,2023-09-06T16:31:55+00:00,JavaScript,3
vsc-material-theme,2015-06-01,131,11100,1091,1092,2023-09-06T09:19:43+00:00,TypeScript,79
snabbdom,2015-05-09,459,11041,353,431,2023-09-06T12:07:38+00:00,TypeScript,11
dolphin,2013-07-22,10128,10922,0,0,2023-09-06T18:27:28+00:00,C++,0
history.js,2011-01-20,14,10772,199,404,2023-08-30T11:54:55+00:00,JavaScript,0
openalpr,2013-11-09,124,10757,302,790,2023-09-06T12:41:36+00:00,C++,7
wifi-cracking,2017-07-23,13,10757,23,70,2023-09-06T18:50:04+00:00,wifi-cracking,4
quicklink,2018-11-23,200,10755,86,120,2023-09-06T09:42:58+00:00,JavaScript,7
AngularJS-Learning,2013-06-06,252,10750,0,0,2023-09-03T15:40:55+00:00,AngularJS-Learning,0
ag-grid,2014-12-23,1157,10735,5354,5389,2023-09-06T17:41:26+00:00,TypeScript,205
android-async-http,2011-02-20,165,10649,975,1087,2023-09-05T08:08:59+00:00,Java,3
Infinite-Storage-Glitch,2023-02-14,15,10640,60,60,2023-09-06T18:31:57+00:00,Rust,0
convnetjs,2014-01-05,14,10638,24,75,2023-09-06T14:07:00+00:00,JavaScript,1
workerman,2013-12-08,230,10634,519,579,2023-09-06T18:40:21+00:00,PHP,137
lsd,2018-11-24,327,10529,401,503,2023-09-06T17:32:41+00:00,Rust,25
stylelint,2014-12-04,3452,10494,2988,3100,2023-09-05T18:42:06+00:00,JavaScript,209
phoneinfoga,2018-10-25,571,10462,427,443,2023-09-06T18:02:14+00:00,Go,52
android-tech-frontier,2015-03-20,270,10403,364,375,2023-09-06T09:20:40+00:00,android-tech-frontier,0
post-mortems,2015-08-03,174,10334,0,0,2023-09-06T17:00:28+00:00,post-mortems,0
HumanSystemOptimization,2022-05-22,1,10284,2,9,2023-09-06T16:46:51+00:00,HumanSystemOptimization,0
faker,2022-01-07,1504,10264,441,571,2023-09-05T23:34:05+00:00,TypeScript,31
SmsForwarder,2021-02-10,26,10252,288,296,2023-09-06T17:49:37+00:00,Kotlin,32
csharplang,2016-12-09,933,10224,1681,2111,2023-09-06T19:57:08+00:00,C#,0
awesome-security,2014-08-22,189,10218,17,24,2023-09-06T16:00:03+00:00,awesome-security,0
PaddleNLP,2021-02-05,3343,10104,2402,2944,2023-09-06T17:06:06+00:00,Python,37
engineer-manager,2016-11-22,65,10071,4,7,2023-09-06T18:47:31+00:00,JavaScript,0
awesome-semantic-segmentation,2015-10-03,17,10049,19,25,2023-09-06T15:20:58+00:00,awesome-semantic-segmentation,0
theZoo,2014-01-09,29,10036,93,149,2023-09-06T19:11:52+00:00,Python,2
subconverter,2019-10-31,61,9970,389,502,2023-09-06T18:40:32+00:00,C++,35
react-transition-group,2016-11-20,223,9924,364,556,2023-09-05T06:40:30+00:00,JavaScript,27
hotel,2015-05-27,67,9914,136,232,2023-09-06T09:28:13+00:00,JavaScript,0
SS-Rule-Snippet,2016-10-11,32,9910,119,148,2023-09-06T18:06:17+00:00,JavaScript,0
zigbee2mqtt,2018-04-08,2583,9909,11232,11520,2023-09-06T07:47:54+00:00,JavaScript,86
html5shiv,2011-02-12,43,9883,101,142,2023-09-05T13:09:31+00:00,JavaScript,3
linkerd2,2017-12-04,6043,9837,3407,3663,2023-09-06T17:52:37+00:00,Go,292
wcdb,2017-05-11,26,9781,829,952,2023-09-06T01:50:56+00:00,C,19
architecture-decision-record,2016-10-18,35,9781,12,14,2023-09-06T19:49:09+00:00,architecture-decision-record,0
mit-deep-learning,2017-01-08,3,9772,8,11,2023-09-06T11:06:00+00:00,Jupyter Notebook,0
WSL,2016-04-06,116,15575,7353,9429,2023-09-06T08:17:07+00:00,PowerShell,44
pydantic,2017-05-03,2218,15533,2688,3032,2023-09-06T18:19:57+00:00,Python,118
charts,2015-11-24,13371,15516,6321,6321,2023-09-06T11:12:27+00:00,Go,0
spotify-tui,2019-08-16,418,15472,270,510,2023-09-06T06:54:10+00:00,Rust,32
elasticsearch-analysis-ik,2011-12-16,51,15462,545,908,2023-09-06T13:31:42+00:00,Java,188
LightGBM,2016-08-05,2702,15431,2802,3093,2023-09-06T10:05:49+00:00,C++,28
Hello-Python,2022-08-03,0,15429,3,13,2023-09-06T19:58:48+00:00,Python,0
cadvisor,2014-06-09,1562,15404,808,1420,2023-09-06T19:30:30+00:00,Go,101
electron-vue,2016-05-12,107,15401,670,939,2023-09-06T15:50:14+00:00,JavaScript,0
Flowise,2023-03-31,248,15288,200,354,2023-09-06T19:43:43+00:00,TypeScript,10
Arduino,2015-03-27,2387,15267,5495,5777,2023-09-06T19:28:03+00:00,C++,37
Langchain-Chatchat,2023-03-31,171,15259,448,1082,2023-09-06T17:06:44+00:00,Python,22
nginx-proxy-manager,2017-12-20,361,15189,1088,2157,2023-09-06T18:17:12+00:00,JavaScript,66
JustAuth,2019-01-31,58,15122,60,100,2023-09-06T16:15:39+00:00,Java,45
nextui,2021-04-22,505,15120,580,608,2023-09-06T19:49:43+00:00,TypeScript,759
mkdocs-material,2016-01-28,1370,15107,1976,1998,2023-09-06T18:43:43+00:00,HTML,348
bower,2012-09-07,348,15032,1916,1922,2023-08-30T11:50:15+00:00,JavaScript,38
QuickLook,2017-04-12,88,14942,793,1187,2023-09-06T15:41:17+00:00,C#,44
jotai,2020-08-11,845,14841,593,596,2023-09-06T17:47:05+00:00,TypeScript,83
charts,2017-10-26,81,14791,153,273,2023-09-06T09:18:50+00:00,JavaScript,18
wiki,2014-02-14,48,14760,310,344,2023-09-05T19:02:36+00:00,wiki,0
math-as-code,2015-06-29,23,14739,19,47,2023-09-06T13:21:04+00:00,math-as-code,0
ChatPaper,2023-03-08,28,14701,144,199,2023-09-06T15:06:45+00:00,Python,0
gpu.js,2016-02-09,171,14690,408,598,2023-09-05T17:55:02+00:00,JavaScript,99
ish,2017-05-05,200,14659,1181,1681,2023-09-06T18:06:59+00:00,C,392
downkyi,2020-12-26,10,14631,371,798,2023-09-06T16:47:37+00:00,C#,23
PyTorch-GAN,2018-04-21,7,14598,47,152,2023-09-06T18:38:16+00:00,Python,0
DPlayer,2016-05-03,370,14395,0,0,2023-09-06T12:08:41+00:00,JavaScript,42
hydra,2015-05-22,1413,14373,1385,1456,2023-09-06T18:26:02+00:00,Go,202
BigData-Notes,2019-03-10,7,14370,23,42,2023-09-06T15:12:54+00:00,Java,0
bootstrap,2012-10-05,69,14351,4184,4454,2023-09-04T02:19:33+00:00,JavaScript,5
dalle-mini,2021-07-03,140,14320,63,155,2023-09-06T06:33:07+00:00,Python,4
flarum,2014-12-30,47,14299,0,0,2023-09-06T15:09:48+00:00,PHP,23
thingsboard,2016-12-01,2982,14289,4026,5340,2023-09-06T16:02:23+00:00,Java,55
click,2014-04-24,729,14240,1414,1485,2023-09-06T13:54:12+00:00,Python,18
WebViewJavascriptBridge,2011-08-28,77,14184,208,281,2023-09-05T12:13:50+00:00,Objective-C,0
Screenshot-to-code,2017-10-16,6,14106,43,59,2023-09-06T07:16:32+00:00,HTML,0
foam,2020-06-19,493,14082,566,643,2023-09-06T04:24:10+00:00,TypeScript,86
tensor2tensor,2017-06-15,506,14035,672,1247,2023-09-06T14:35:18+00:00,Python,75
filepond,2017-10-09,83,14029,703,783,2023-09-06T12:42:24+00:00,JavaScript,72
ent,2019-06-12,1670,14020,1170,1435,2023-09-06T13:09:19+00:00,Go,31
the-craft-of-selfteaching,2019-03-14,352,14003,58,170,2023-09-06T10:10:39+00:00,Jupyter Notebook,0
ip2region,2015-11-02,74,13997,181,211,2023-09-06T09:55:43+00:00,Go,0
powerline,2012-06-12,450,13904,1258,1456,2023-09-06T18:44:51+00:00,Python,22
awesome-programming-books,2016-05-24,5,13867,10,39,2023-09-06T16:32:51+00:00,awesome-programming-books,0
Perfect,2015-10-02,75,13858,138,192,2023-09-05T14:50:44+00:00,Swift,1
formatjs,2014-04-24,956,13847,1772,1798,2023-09-06T19:17:21+00:00,TypeScript,2551
Awesome-Hacking-Resources,2017-10-10,105,13820,15,21,2023-09-06T18:23:05+00:00,Awesome-Hacking-Resources,0
gost,2015-03-20,49,13779,644,890,2023-09-06T19:10:20+00:00,Go,41
mithril.js,2014-03-17,955,13701,1436,1565,2023-09-06T06:41:29+00:00,JavaScript,35
HEAD,2016-04-20,86,29747,73,91,2023-09-06T10:55:49+00:00,HEAD,0
vue-cli,2015-12-26,1258,29713,4542,5463,2023-09-06T10:25:28+00:00,JavaScript,177
p3c,2017-06-23,62,29563,695,840,2023-09-06T13:26:33+00:00,Kotlin,0
foundation-sites,2011-10-13,2950,29520,8140,8193,2023-09-05T19:19:26+00:00,HTML,78
libpku,2018-11-22,22,29488,31,41,2023-09-06T14:25:18+00:00,TeX,0
vimrc,2012-05-29,104,29298,499,504,2023-09-06T16:44:12+00:00,Vim Script,0
Awesome-Design-Tools,2019-02-12,283,29266,25,32,2023-09-06T18:19:57+00:00,JavaScript,0
es6features,2014-03-03,41,29158,36,57,2023-09-06T13:40:20+00:00,es6features,0
ccxt,2017-05-14,8532,29051,8227,9013,2023-09-06T18:34:04+00:00,Python,1
NeteaseCloudMusicApi,2016-06-22,270,29007,1169,1294,2023-09-06T16:16:19+00:00,JavaScript,178
appsmith,2020-06-30,9020,28927,12203,15758,2023-09-06T14:41:43+00:00,TypeScript,182
easyexcel,2018-02-06,163,28888,2753,3025,2023-09-06T14:24:14+00:00,Java,8
lottie-web,2015-02-20,128,28861,2106,2786,2023-09-06T17:38:45+00:00,JavaScript,0
symfony,2010-01-04,20610,28651,18348,18869,2023-09-06T17:30:53+00:00,PHP,446
halo,2018-03-21,1420,28615,2446,2749,2023-09-06T16:14:51+00:00,Java,133
Coursera-ML-AndrewNg-Notes,2017-11-04,13,28582,16,64,2023-09-06T18:48:57+00:00,HTML,0
photoprism,2018-01-27,538,28528,1499,1877,2023-09-06T18:12:33+00:00,Go,61
fastify,2016-09-28,2463,28412,1729,1785,2023-09-06T17:52:29+00:00,JavaScript,266
awesome-shell,2014-07-07,302,28387,20,52,2023-09-06T18:20:00+00:00,awesome-shell,0
todomvc,2011-06-03,719,28302,630,765,2023-09-05T14:22:47+00:00,JavaScript,5
vuex,2015-07-16,655,28236,1166,1256,2023-09-06T10:23:39+00:00,JavaScript,51
fiber,2020-01-16,1233,28178,1144,1197,2023-09-06T19:54:53+00:00,Go,111
swift-algorithm-club,2016-01-26,608,28009,182,212,2023-09-06T11:08:28+00:00,Swift,0
sqlmap,2012-06-26,152,27990,4970,5026,2023-09-06T18:08:22+00:00,Python,8
async,2010-06-01,479,27928,1108,1115,2023-09-06T08:44:49+00:00,JavaScript,7
openpose,2017-04-24,168,27901,1649,1905,2023-09-06T19:55:42+00:00,C++,15
swr,2019-10-28,724,27813,761,814,2023-09-06T16:25:25+00:00,TypeScript,108
postcss,2013-09-24,712,27777,921,939,2023-09-06T18:17:18+00:00,TypeScript,241
awesome-macos-command-line,2015-09-22,104,27775,0,0,2023-09-06T12:24:18+00:00,awesome-macos-command-line,0
JavaScript,2017-07-13,690,27714,172,178,2023-09-06T19:55:21+00:00,JavaScript,0
selenium,2013-01-14,1558,27651,9186,9362,2023-09-06T19:31:15+00:00,Java,85
sway,2021-01-19,2431,27571,1767,2325,2023-09-06T19:42:17+00:00,Rust,115
particles.js,2014-09-06,21,27569,104,400,2023-09-06T16:53:24+00:00,JavaScript,6
nacos,2018-06-15,2458,27431,7233,7484,2023-09-06T17:51:13+00:00,Java,58
ray,2016-10-25,19120,27415,12243,15238,2023-09-06T18:49:17+00:00,Python,71
zsh-autosuggestions,2013-10-26,108,27267,438,554,2023-09-06T19:04:52+00:00,Shell,0
HowToLiveLonger,2022-04-16,13,27229,101,123,2023-09-06T15:01:59+00:00,HowToLiveLonger,0
FastChat,2023-03-19,530,27084,740,1105,2023-09-06T19:50:08+00:00,Python,7
spaCy,2014-07-03,3431,27025,5393,5468,2023-09-06T12:04:42+00:00,Python,118
lighthouse,2016-03-08,4928,27003,8211,8781,2023-09-06T18:33:06+00:00,JavaScript,101
JCSprout,2017-12-17,69,26999,59,89,2023-09-06T14:46:54+00:00,Java,0
Daily-Interview-Question,2019-01-19,15,26987,298,558,2023-09-06T09:57:39+00:00,JavaScript,0
streamlit,2019-08-24,3061,26974,2910,3544,2023-09-06T19:20:40+00:00,Python,63
lede,2017-09-06,1810,26949,7314,7919,2023-09-06T16:40:11+00:00,C,6
weui,2014-12-18,192,26919,614,661,2023-09-06T17:11:26+00:00,HTML,42
cheerio,2011-10-09,1793,26828,1111,1132,2023-09-06T19:02:44+00:00,TypeScript,57
Faker,2011-10-14,823,26759,494,570,2023-09-05T08:26:47+00:00,PHP,12
python-guide,2011-03-15,681,26683,175,272,2023-09-06T19:26:25+00:00,Batchfile,0
AI-Expert-Roadmap,2020-10-24,13,26669,45,60,2023-09-06T15:02:30+00:00,JavaScript,0
stanford_alpaca,2023-03-10,6,26636,94,252,2023-09-06T19:18:09+00:00,Python,0
static-binaries,2015-02-18,3,2655,7,31,2023-09-05T23:07:24+00:00,Shell,0
vscode-markdown,2017-01-03,103,2654,886,1186,2023-09-04T20:43:26+00:00,TypeScript,0
wxapp-market,2017-09-05,0,2651,12,14,2023-09-01T07:34:40+00:00,JavaScript,0
lagom,2016-02-23,1759,2638,642,1086,2023-09-02T00:56:20+00:00,Scala,49
TourGuide,2015-04-03,33,2638,27,98,2023-09-04T12:54:22+00:00,Kotlin,2
react-sticky,2014-08-15,51,2638,150,185,2023-09-05T08:48:41+00:00,JavaScript,0
annotator,2011-01-04,120,2626,456,553,2023-09-03T16:19:02+00:00,JavaScript,5
arbor,2011-01-12,0,2625,7,52,2023-09-05T12:22:27+00:00,JavaScript,0
RecyclerViewCardGallery,2016-09-01,2,2624,0,0,2023-08-24T11:48:42+00:00,Java,0
iseed,2013-07-17,38,2620,74,122,2023-09-05T13:30:28+00:00,PHP,19
vim-signify,2013-03-05,75,2615,267,276,2023-08-28T19:44:29+00:00,Vim Script,0
jquery-ujs,2010-01-29,77,2613,261,317,2023-08-14T23:53:24+00:00,JavaScript,9
graphql-faker,2017-02-27,39,2611,56,102,2023-09-04T05:30:24+00:00,TypeScript,0
react-charts,2017-02-24,42,2607,150,197,2023-09-05T19:55:39+00:00,HTML,89
react-native-fetch-blob,2016-05-04,76,2603,383,620,2023-08-22T18:35:17+00:00,JavaScript,81
penthouse,2014-06-04,140,2602,170,184,2023-08-31T07:04:45+00:00,HTML,74
django-rest-swagger,2013-06-13,174,2591,366,496,2023-08-23T20:36:47+00:00,Python,5
egghead.io_redux_course_notes,2015-12-19,52,2588,4,10,2023-08-10T07:58:28+00:00,egghead.io_redux_course_notes,0
OTTO,2017-02-21,68,2586,77,96,2023-09-05T02:43:37+00:00,C++,0
webgl-noise,2011-02-22,2,2576,20,23,2023-09-03T17:11:47+00:00,C,0
python_data_structures_and_algorithms,2018-04-19,6,2573,23,29,2023-09-05T23:38:14+00:00,Python,0
Tiny,2017-04-04,3,2572,27,89,2023-08-30T11:41:02+00:00,C,1
mmenu-js,2013-10-22,54,2571,1202,1227,2023-08-31T20:27:07+00:00,TypeScript,161
markdown-pdf,2013-05-17,26,2567,92,177,2023-08-31T07:31:34+00:00,JavaScript,0
glue,2012-01-01,27,2565,112,165,2023-08-02T01:33:34+00:00,Python,0
mxnet-the-straight-dope,2017-07-11,323,2555,80,200,2023-08-01T12:09:57+00:00,Jupyter Notebook,3
Meta-Learning-Papers,2017-05-07,2,2555,0,3,2023-09-01T02:53:34+00:00,Meta-Learning-Papers,0
hjson,2014-03-19,16,2552,82,102,2023-09-05T12:05:12+00:00,HTML,0
amazon-freertos,2017-11-09,2219,2543,810,830,2023-09-03T16:28:30+00:00,C,9
officegen,2013-06-16,76,2535,121,296,2023-09-04T21:48:54+00:00,JavaScript,19
big-sleep,2021-01-18,18,2534,28,86,2023-09-05T05:30:27+00:00,Python,54
Rust-CUDA,2021-10-17,26,2534,20,67,2023-09-04T19:18:51+00:00,Rust,2
SIAlertView,2013-05-03,20,2530,20,63,2023-08-13T10:54:50+00:00,Objective-C,0
react-native-drawer,2015-04-12,46,2522,145,299,2023-08-23T08:16:13+00:00,JavaScript,2
raspi3-tutorial,2018-01-04,16,2520,89,89,2023-09-05T01:53:43+00:00,C,0
vue-hackernews,2014-10-09,13,2515,25,33,2023-08-30T06:18:35+00:00,Vue,0
pytorch-generative-model-collections,2017-08-31,1,2504,5,29,2023-09-05T17:57:48+00:00,Python,0
flutter-study,2018-05-23,0,2501,8,12,2023-08-31T08:31:47+00:00,flutter-study,0
erpc,2015-06-27,30,2497,55,66,2023-08-24T04:31:00+00:00,Go,55
rust-protobuf,2013-07-28,140,2495,349,392,2023-09-04T17:31:23+00:00,Rust,0
Album,2016-11-02,3,2492,198,327,2023-09-05T08:40:32+00:00,Java,0
condom,2017-03-26,1,2488,27,32,2023-08-30T00:45:35+00:00,Java,10
reform,2013-04-30,126,2488,316,351,2023-09-04T18:04:09+00:00,Ruby,2
boxicons,2018-06-15,8,2478,121,563,2023-09-05T19:19:13+00:00,CSS,0
flexbox-patterns,2016-01-03,6,2475,4,4,2023-08-19T18:24:25+00:00,CSS,7
git-split-diffs,2021-04-10,14,2473,14,27,2023-09-05T08:40:55+00:00,TypeScript,0
Gaufrette,2011-01-18,335,2463,145,217,2023-09-02T21:29:37+00:00,PHP,17
fe-material,2018-01-17,0,2462,2,3,2023-08-21T17:39:09+00:00,fe-material,0
libchan,2014-06-10,43,2462,19,41,2023-09-01T06:34:34+00:00,Go,0
tty,2012-09-30,22,2449,43,53,2023-09-05T09:06:55+00:00,Ruby,0
flow,2014-10-28,160,22013,5184,6630,2023-09-06T15:18:05+00:00,OCaml,310
tokio,2016-09-09,2949,21976,1743,2001,2023-09-06T17:22:35+00:00,Rust,105
jumpserver,2014-07-04,5313,21970,5154,5403,2023-09-06T09:36:36+00:00,Python,191
polymer,2012-08-23,1071,21956,3866,3911,2023-09-06T12:10:11+00:00,HTML,115
notable,2018-12-22,25,21917,906,1593,2023-09-06T18:47:55+00:00,notable,20
windows95,2018-08-23,20,21903,106,232,2023-09-06T19:47:10+00:00,TypeScript,14
libgdx,2012-08-10,2543,21877,3423,3641,2023-09-06T18:28:31+00:00,Java,10
dapr,2019-06-19,2957,21836,2734,3093,2023-09-06T18:48:55+00:00,Go,192
qBittorrent,2012-02-04,3148,21813,11836,14741,2023-09-06T18:48:47+00:00,C++,0
vegeta,2013-08-13,143,21802,344,396,2023-09-06T19:37:51+00:00,Go,66
iosched,2014-04-01,66,21765,187,242,2023-09-06T17:28:29+00:00,Kotlin,2
wiki,2016-08-16,360,21758,2416,2476,2023-09-06T14:17:48+00:00,Vue,115
JARVIS,2023-03-30,22,21752,99,165,2023-09-06T18:41:23+00:00,Python,0
passport,2011-10-08,51,21752,420,754,2023-09-06T14:08:49+00:00,JavaScript,0
api-guidelines,2016-07-12,172,21742,103,213,2023-09-06T14:02:27+00:00,api-guidelines,0
homemade-machine-learning,2018-11-01,3,21717,14,25,2023-09-06T09:53:30+00:00,Jupyter Notebook,0
modern-cpp-tutorial,2016-08-19,107,21579,110,118,2023-09-06T13:22:23+00:00,C++,3
nanoid,2017-08-05,171,21567,212,219,2023-09-06T17:14:13+00:00,JavaScript,1
Kingfisher,2015-04-06,592,21567,1210,1325,2023-09-06T16:24:46+00:00,Swift,178
react-motion,2015-06-11,144,21549,249,398,2023-09-05T12:03:00+00:00,JavaScript,4
llvm-project,2016-12-07,95,21536,44808,64157,2023-09-06T19:45:02+00:00,llvm-project,90
k6,2016-03-21,1386,21404,1188,1624,2023-09-06T12:17:03+00:00,Go,55
DesignPatternsPHP,2011-08-22,281,21390,111,113,2023-09-06T16:16:32+00:00,PHP,0
PicGo,2017-12-12,17,21385,1038,1061,2023-09-06T06:56:59+00:00,TypeScript,51
API-Security-Checklist,2017-07-08,115,21254,28,39,2023-09-06T19:48:01+00:00,API-Security-Checklist,0
tornado,2009-09-09,924,21240,1605,1788,2023-09-06T18:43:26+00:00,Python,0
element-plus,2020-07-21,4738,21200,4505,5672,2023-09-06T14:44:12+00:00,Vue,167
restic,2014-04-27,1720,21108,2008,2396,2023-09-06T14:44:28+00:00,Go,38
delve,2014-05-20,1538,20990,1473,1567,2023-09-06T18:43:38+00:00,Go,25
normalizr,2014-08-20,98,20985,0,0,2023-09-05T15:39:45+00:00,JavaScript,26
react-native-web,2015-06-09,73,20945,1652,1717,2023-09-06T17:18:13+00:00,JavaScript,21
tips,2015-07-15,139,20932,17,34,2023-09-04T17:39:43+00:00,JavaScript,0
forem,2016-11-13,12315,20913,4791,5380,2023-09-06T19:31:00+00:00,Ruby,0
redoc,2015-10-30,495,20892,1407,1709,2023-09-06T18:29:54+00:00,TypeScript,86
Paddle,2016-08-15,29019,20812,16169,17242,2023-09-06T15:31:01+00:00,C++,60
ruby,2010-02-27,4693,20718,0,0,2023-09-06T19:48:08+00:00,Ruby,8
cli,2013-07-13,768,20662,720,759,2023-09-06T10:07:25+00:00,Go,123
mxnet,2015-04-30,8838,20537,7763,9563,2023-09-06T19:08:08+00:00,C++,34
monolog,2011-02-17,674,20510,750,783,2023-09-06T09:41:00+00:00,PHP,65
iced,2019-07-15,628,20465,677,869,2023-09-06T18:10:32+00:00,Rust,13
mpvue,2018-03-07,64,20422,1267,1688,2023-09-05T08:33:06+00:00,JavaScript,19
parse-server,2016-01-28,3282,20395,4050,4387,2023-09-06T18:42:59+00:00,JavaScript,280
android-best-practices,2014-07-29,80,20289,62,85,2023-09-05T02:29:43+00:00,android-best-practices,0
jitsi-meet,2013-12-16,6702,20283,5550,5812,2023-09-06T18:36:33+00:00,TypeScript,55
cookiecutter,2013-07-14,671,20208,614,802,2023-09-06T16:56:15+00:00,Python,25
system-design-interview,2014-05-18,26,20197,6,13,2023-09-06T18:01:01+00:00,system-design-interview,0
Tasmota,2017-01-28,4886,20191,9205,9214,2023-09-06T14:46:30+00:00,C,102
joi,2012-09-16,445,20180,2158,2310,2023-09-06T16:18:40+00:00,JavaScript,0
system-design,2022-08-15,10,20176,12,13,2023-09-06T19:15:58+00:00,system-design,0
Public-APIs,2016-01-13,410,20154,53,53,2023-09-06T18:13:20+00:00,Public-APIs,0
macOS-Simple-KVM,2019-04-22,19,13174,211,533,2023-09-05T23:22:09+00:00,Shell,0
tfjs-models,2018-04-03,803,13160,0,0,2023-09-06T16:29:19+00:00,TypeScript,2
netbox,2016-02-29,1731,13130,8300,8588,2023-09-06T17:11:38+00:00,Python,268
react-canvas,2015-02-05,21,13082,47,111,2023-09-05T19:12:18+00:00,JavaScript,0
tree-sitter,2013-11-06,664,13081,782,1131,2023-09-06T19:54:14+00:00,Rust,58
angular-seed,2010-12-24,10,13080,206,216,2023-09-01T12:18:58+00:00,JavaScript,0
flair,2018-06-11,1009,13057,2126,2172,2023-09-06T10:09:12+00:00,Python,23
awesome-ruby,2014-07-03,681,13029,173,175,2023-09-06T19:14:37+00:00,awesome-ruby,0
solved-by-flexbox,2013-08-31,22,13020,71,93,2023-09-03T15:47:53+00:00,CSS,0
gpt4-pdf-chatbot-langchain,2023-03-17,9,13017,100,250,2023-09-06T18:00:22+00:00,TypeScript,0
codis,2014-10-27,101,12961,1317,1600,2023-09-06T16:41:35+00:00,Go,37
wasmtime,2017-08-29,4499,12938,1418,1952,2023-09-06T19:52:28+00:00,Rust,74
guidance,2022-11-10,41,12914,107,226,2023-09-06T19:37:01+00:00,Jupyter Notebook,20
btop,2021-05-06,106,12882,220,391,2023-09-06T18:15:29+00:00,C++,44
zhao,2016-02-28,3,12860,133,498,2023-09-06T15:23:15+00:00,Python,0
ale,2016-09-08,1366,12859,2032,2558,2023-09-06T08:18:36+00:00,Vim Script,38
http-server,2011-06-16,136,12857,424,515,2023-09-06T15:08:03+00:00,JavaScript,12
kaniko,2018-01-29,966,12845,806,1354,2023-09-06T17:06:42+00:00,Go,46
druid,2012-10-23,8643,12818,3601,4731,2023-09-06T15:42:00+00:00,Java,55
coreclr,2015-01-30,15938,12806,0,0,2023-09-04T19:21:42+00:00,coreclr,125
marko,2014-01-07,889,12789,984,1037,2023-09-06T16:20:10+00:00,JavaScript,185
turbolinks,2016-02-01,58,12784,417,488,2023-09-06T10:26:04+00:00,TypeScript,8
volkswagen,2015-10-07,19,12719,12,30,2023-09-04T15:00:51+00:00,JavaScript,0
PictureSelector,2017-01-04,12,12685,2316,2692,2023-09-06T08:41:21+00:00,Java,115
blog_os,2015-07-23,670,12677,373,431,2023-09-06T12:13:41+00:00,HTML,0
x-ui,2021-05-18,10,12656,0,0,2023-09-06T18:34:35+00:00,JavaScript,7
termui,2015-02-03,61,12633,141,218,2023-09-06T13:51:27+00:00,Go,0
simplefolio,2019-06-28,18,12596,52,97,2023-09-06T17:35:02+00:00,SCSS,0
greenDAO,2011-10-22,37,12585,787,981,2023-09-05T12:10:12+00:00,Java,8
capistrano,2009-02-26,645,12546,1063,1117,2023-09-06T14:34:06+00:00,Ruby,30
reflex,2022-10-25,637,12524,593,842,2023-09-06T19:56:49+00:00,Python,32
MailHog,2014-04-16,40,12510,145,357,2023-09-06T19:36:40+00:00,Go,23
chameleon,2014-07-26,57,12501,107,145,2023-09-06T10:34:27+00:00,Objective-C,14
questdb,2014-04-28,1923,12490,993,1351,2023-09-06T16:01:23+00:00,Java,70
nebula,2019-11-16,361,12475,360,437,2023-09-06T19:12:48+00:00,Go,12
SmartTubeNext,2020-07-28,864,12435,369,1850,2023-09-06T19:13:18+00:00,Java,181
personal-security-checklist,2018-03-02,120,12423,37,61,2023-09-06T15:13:02+00:00,personal-security-checklist,0
ds-cheatsheets,2018-12-20,13,12393,9,13,2023-09-06T18:50:37+00:00,ds-cheatsheets,0
webpack-bundle-analyzer,2016-10-26,189,12387,268,289,2023-09-05T17:15:44+00:00,JavaScript,1
spree,2008-03-10,3444,12359,3932,4142,2023-09-06T12:20:00+00:00,Ruby,178
ChatGLM2-6B,2023-06-24,12,12318,181,477,2023-09-06T17:10:49+00:00,Python,0
ceph,2011-09-01,42892,12316,0,0,2023-09-06T13:37:20+00:00,C++,0
wp-calypso,2015-11-10,45428,12291,23161,27855,2023-09-02T06:29:17+00:00,JavaScript,42
awesome-bigdata,2014-07-04,237,12286,41,46,2023-09-06T09:08:55+00:00,awesome-bigdata,0
nock,2011-09-22,1021,12283,995,1054,2023-09-06T16:28:56+00:00,JavaScript,139
tengine,2012-03-21,623,12256,537,928,2023-09-06T08:17:31+00:00,C,12
Mos,2017-01-27,32,12231,317,537,2023-09-06T15:39:26+00:00,Swift,23
JSVerbalExpressions,2013-07-19,307,12164,87,110,2023-09-05T03:23:12+00:00,JavaScript,6
migrate,2018-01-19,211,12157,343,552,2023-09-06T19:17:21+00:00,Go,47
BookStack,2015-08-29,544,12151,3281,3708,2023-09-06T18:31:34+00:00,PHP,173
generator-angular,2012-11-21,174,5751,916,986,2023-09-01T13:30:46+00:00,JavaScript,42
examples,2017-04-18,217,5741,156,163,2023-09-06T19:04:01+00:00,Shell,0
Choices,2016-03-15,240,5739,549,743,2023-09-06T13:04:34+00:00,TypeScript,57
nanomsg,2012-10-10,161,5733,646,659,2023-09-06T17:27:37+00:00,C,15
vetur,2016-10-29,955,5700,1643,1964,2023-09-04T23:08:14+00:00,TypeScript,59
AutoPiano,2019-04-01,2,5688,47,89,2023-09-06T12:09:16+00:00,JavaScript,0
nb,2016-01-12,23,5685,116,213,2023-09-06T19:17:19+00:00,Shell,0
markup,2009-10-31,128,5677,779,1034,2023-09-06T15:16:07+00:00,Ruby,19
osrm-backend,2011-09-22,1798,5671,3513,4421,2023-09-06T18:00:32+00:00,C++,27
JLRoutes,2013-02-10,41,5669,61,70,2023-09-01T04:38:21+00:00,Objective-C,20
TopDeepLearning,2016-04-27,6,5661,5,13,2023-09-06T10:11:37+00:00,Python,0
dehydrated,2015-12-05,74,5627,570,611,2023-09-06T02:42:54+00:00,Shell,14
jOOQ,2011-04-17,165,5621,13292,15196,2023-09-06T16:04:23+00:00,Java,0
lolcat,2011-08-10,19,5590,80,104,2023-09-04T03:59:08+00:00,Ruby,0
protobuf,2014-12-03,153,5587,301,491,2023-09-05T21:21:35+00:00,Go,13
popping,2014-05-27,3,5558,10,12,2023-09-05T15:24:23+00:00,Objective-C,0
anti-adblock-killer,2014-04-17,11,5544,2344,4311,2023-09-06T08:16:50+00:00,JavaScript,31
expanding-collection,2016-05-25,15,5536,52,77,2023-09-06T06:22:52+00:00,Swift,0
SideMenu,2015-12-25,40,5535,577,610,2023-09-06T06:59:11+00:00,Swift,0
rofi,2020-02-27,5,5534,91,111,2023-09-06T11:44:38+00:00,Shell,0
peda,2012-08-03,33,5528,55,95,2023-09-06T12:44:22+00:00,Python,1
leaf,2015-10-26,54,5526,24,50,2023-09-02T14:59:52+00:00,Rust,0
pagekit,2014-03-06,97,5519,610,773,2023-09-05T14:23:23+00:00,PHP,35
lesspass,2015-12-10,96,5516,540,575,2023-09-06T12:59:12+00:00,JavaScript,0
mediasoup,2014-12-12,406,5496,577,602,2023-09-06T10:04:16+00:00,C++,12
mavericks,2018-07-02,288,5491,289,342,2023-09-06T05:38:49+00:00,Kotlin,30
react-redux-realworld-example-app,2016-04-12,28,5490,46,100,2023-09-05T21:27:37+00:00,JavaScript,0
instantclick,2013-11-23,7,5490,89,138,2023-09-03T14:54:44+00:00,JavaScript,0
ai-collection,2023-01-03,85,5485,46,47,2023-09-06T19:48:22+00:00,ai-collection,0
ponyc,2012-11-13,2180,5480,1646,1900,2023-09-06T02:55:40+00:00,C,112
ShellClash,2020-07-08,38,5476,400,411,2023-09-06T15:57:58+00:00,Shell,27
grocy,2017-04-15,203,5475,1872,2016,2023-09-06T16:37:38+00:00,Blade,73
courses,2016-12-17,59,5455,54,84,2023-09-05T07:16:54+00:00,Jupyter Notebook,0
wouter,2019-04-09,112,5452,173,191,2023-09-05T22:39:47+00:00,JavaScript,24
rebound,2013-10-11,25,5445,27,50,2023-08-31T13:49:47+00:00,Java,10
GeoIP2-CN,2020-12-09,0,5441,23,48,2023-09-05T15:06:57+00:00,Go,0
phan,2015-10-22,1997,5440,1807,2720,2023-09-04T14:21:24+00:00,PHP,178
Practical_RL,2017-01-23,322,5437,149,186,2023-09-05T21:58:53+00:00,Jupyter Notebook,2
breach_core,2013-09-20,47,5434,118,176,2023-09-01T13:31:00+00:00,JavaScript,0
NLP_ability,2020-06-16,0,5432,4,5,2023-09-06T15:01:14+00:00,Python,0
iodine,2012-02-04,20,5431,32,39,2023-09-06T15:48:40+00:00,C,0
face_classification,2017-02-09,6,5428,80,122,2023-09-05T04:17:00+00:00,Python,0
nideshop,2017-05-25,1,5422,54,59,2023-09-01T08:48:17+00:00,JavaScript,0
Live-Charts,2015-09-18,116,5415,491,1014,2023-09-05T19:05:40+00:00,C#,48
dog,2020-04-25,16,5415,30,87,2023-09-06T14:42:15+00:00,Rust,1
nyc,2015-05-09,433,5412,783,945,2023-09-06T03:18:43+00:00,JavaScript,0
proxychains,2011-02-25,31,5411,41,112,2023-09-06T10:41:55+00:00,C,0
pyAudioAnalysis,2014-08-27,29,5404,120,299,2023-09-05T08:46:42+00:00,Python,0
angular-education,2015-04-12,134,5400,27,29,2023-08-23T10:49:51+00:00,angular-education,0
bestJavaer,2020-06-03,1,5396,11,16,2023-09-06T18:14:41+00:00,bestJavaer,0
finder,2011-02-22,0,8284,0,0,2023-09-06T09:01:48+00:00,PHP,117
layer,2014-05-18,12,8255,0,0,2023-09-05T02:40:32+00:00,JavaScript,9
Interview,2017-10-13,239,8253,25,26,2023-09-06T17:32:45+00:00,Jupyter Notebook,0
js-beautify,2008-12-04,485,8247,1177,1533,2023-09-06T08:16:30+00:00,JavaScript,22
awesome-java,2019-12-06,5,8233,11,20,2023-09-06T15:18:29+00:00,awesome-java,0
relax,2015-08-31,49,8201,312,388,2023-09-03T02:04:52+00:00,JavaScript,0
dify,2023-04-12,577,8186,457,475,2023-09-06T17:49:24+00:00,TypeScript,22
john,2011-12-16,1995,8182,2584,3078,2023-09-06T17:15:14+00:00,C,0
flannel,2014-07-10,609,8179,1012,1040,2023-09-06T09:48:15+00:00,Go,57
traceur-compiler,2013-03-27,329,8178,800,1092,2023-09-01T12:21:10+00:00,JavaScript,15
ConEmu,2011-11-26,34,8172,1396,2398,2023-09-06T14:49:32+00:00,C++,265
macintosh.js,2020-07-14,15,8149,32,102,2023-09-04T16:08:32+00:00,JavaScript,9
urql,2018-01-24,1197,8141,873,888,2023-09-06T14:24:05+00:00,TypeScript,538
ng-bootstrap,2015-09-14,804,8122,2181,2488,2023-09-06T12:45:16+00:00,TypeScript,27
fluentui-emoji,2021-07-30,23,8116,19,76,2023-09-06T19:47:11+00:00,Python,0
atlas,2017-02-28,32,8104,249,334,2023-09-05T09:43:16+00:00,Java,7
how-to-contribute-to-open-source,2016-09-25,364,8075,182,216,2023-09-06T10:01:13+00:00,Ruby,0
bottle,2009-06-30,325,8064,577,823,2023-09-06T18:29:14+00:00,Python,0
chathub,2023-03-04,46,8060,503,682,2023-09-06T17:26:35+00:00,TypeScript,61
two.js,2012-09-05,136,8048,480,546,2023-09-06T15:55:25+00:00,JavaScript,29
yugabyte-db,2017-10-05,3002,8039,10278,15511,2023-09-05T20:50:24+00:00,C,153
automa,2021-10-02,222,8037,634,658,2023-09-06T19:23:25+00:00,Vue,77
actix,2017-09-18,256,8026,221,254,2023-09-06T12:33:40+00:00,Rust,62
pgweb,2014-10-09,251,8021,348,359,2023-09-06T18:07:06+00:00,Go,48
EhViewer,2014-05-14,57,7997,400,597,2023-09-05T14:58:17+00:00,Java,97
gpt-neo,2020-07-05,102,7979,128,139,2023-09-05T08:21:26+00:00,Python,3
http-kernel,2011-02-22,0,7979,0,0,2023-09-06T09:01:49+00:00,PHP,224
evil-huawei,2019-12-01,14,7973,0,0,2023-09-05T12:02:35+00:00,JavaScript,0
TZImagePickerController,2016-01-07,84,7968,1427,1479,2023-09-06T09:18:32+00:00,Objective-C,35
WeiXinMPSDK,2013-01-11,1713,7962,774,970,2023-09-06T16:26:35+00:00,C#,45
kbd-audio,2018-08-27,9,7960,24,34,2023-09-06T17:19:59+00:00,C++,2
Sloth,2011-03-28,3,7945,23,25,2023-09-06T12:56:37+00:00,Objective-C,16
mailcheck,2012-03-12,50,7942,65,95,2023-09-01T02:12:34+00:00,JavaScript,2
react-diagrams,2016-06-03,162,7939,496,794,2023-09-06T14:12:08+00:00,TypeScript,22
elastalert,2014-11-24,585,7926,1089,2353,2023-09-06T10:41:39+00:00,Python,1
node-cron,2010-06-23,111,7925,529,541,2023-09-06T10:41:40+00:00,JavaScript,9
UglifyJS-old,2010-08-15,71,7924,0,0,2023-09-03T13:49:38+00:00,JavaScript,0
iOS-DeviceSupport,2017-04-07,35,7917,63,180,2023-09-06T11:43:27+00:00,Python,0
restangular,2013-04-04,173,7907,983,1223,2023-09-02T15:00:33+00:00,JavaScript,19
ng-file-upload,2013-07-23,112,7905,1615,1918,2023-08-25T11:20:42+00:00,JavaScript,216
uno,2018-05-07,5796,7894,3945,5259,2023-09-05T09:18:24+00:00,C#,41
satellizer,2014-07-04,191,7887,586,855,2023-08-21T19:36:19+00:00,TypeScript,55
go-ibax,2020-08-27,101,7887,182,275,2023-09-06T11:52:14+00:00,Go,1
goconvey,2013-08-21,138,7883,340,488,2023-09-06T14:10:23+00:00,Go,10
Starscream,2014-07-17,172,7878,611,699,2023-09-06T19:24:58+00:00,Swift,5
nebular,2017-09-20,1071,7864,1008,1814,2023-09-06T15:33:20+00:00,TypeScript,63
material-theme-jetbrains,2015-09-23,69,7863,1797,1797,2023-09-05T01:07:50+00:00,Java,17
react-router-redux,2015-11-05,115,7861,471,472,2023-08-26T19:05:40+00:00,JavaScript,18
docker-node,2014-12-12,830,7851,745,850,2023-09-06T12:30:24+00:00,Dockerfile,0
Notepads,2019-06-01,414,7838,368,661,2023-09-06T18:16:50+00:00,C#,57
mxnet-the-straight-dope,2017-07-11,323,2555,80,200,2023-08-01T12:09:57+00:00,Jupyter Notebook,3
Meta-Learning-Papers,2017-05-07,2,2555,0,3,2023-09-01T02:53:34+00:00,Meta-Learning-Papers,0
hjson,2014-03-19,16,2552,82,102,2023-09-05T12:05:12+00:00,HTML,0
winxin-app-watch-life.net,2017-04-28,0,2551,21,53,2023-09-05T10:28:39+00:00,JavaScript,0
alfred-workflows,2017-06-10,32,2548,1,1,2023-09-06T03:51:32+00:00,alfred-workflows,0
amazon-freertos,2017-11-09,2219,2543,810,830,2023-09-03T16:28:30+00:00,C,9
promise,2012-12-23,60,2538,80,98,2023-09-06T12:04:41+00:00,JavaScript,23
officegen,2013-06-16,76,2535,121,296,2023-09-04T21:48:54+00:00,JavaScript,19
big-sleep,2021-01-18,18,2534,28,86,2023-09-05T05:30:27+00:00,Python,54
Rust-CUDA,2021-10-17,26,2534,20,67,2023-09-04T19:18:51+00:00,Rust,2
SIAlertView,2013-05-03,20,2530,20,63,2023-08-13T10:54:50+00:00,Objective-C,0
react-native-drawer,2015-04-12,46,2522,145,299,2023-08-23T08:16:13+00:00,JavaScript,2
raspi3-tutorial,2018-01-04,16,2520,89,89,2023-09-05T01:53:43+00:00,C,0
vue-hackernews,2014-10-09,13,2515,25,33,2023-08-30T06:18:35+00:00,Vue,0
diff2html,2014-08-30,215,2515,234,249,2023-09-06T03:06:58+00:00,TypeScript,86
lbry-android,2017-08-13,390,2508,661,816,2023-09-06T03:41:29+00:00,Java,84
pytorch-generative-model-collections,2017-08-31,1,2504,5,29,2023-09-05T17:57:48+00:00,Python,0
flutter-study,2018-05-23,0,2501,8,12,2023-08-31T08:31:47+00:00,flutter-study,0
erpc,2015-06-27,30,2497,55,66,2023-08-24T04:31:00+00:00,Go,55
kendo-ui-core,2014-01-31,581,2497,5431,6691,2023-09-05T17:03:19+00:00,JavaScript,47
rust-protobuf,2013-07-28,140,2495,349,392,2023-09-04T17:31:23+00:00,Rust,0
Album,2016-11-02,3,2492,198,327,2023-09-05T08:40:32+00:00,Java,0
heshijun_v_360,2023-04-16,1,2489,13,87,2023-09-06T02:36:48+00:00,heshijun_v_360,0
condom,2017-03-26,1,2488,27,32,2023-08-30T00:45:35+00:00,Java,10
reform,2013-04-30,126,2488,316,351,2023-09-04T18:04:09+00:00,Ruby,2
boxicons,2018-06-15,8,2478,121,563,2023-09-05T19:19:13+00:00,CSS,0
flexbox-patterns,2016-01-03,6,2475,4,4,2023-08-19T18:24:25+00:00,CSS,7
git-split-diffs,2021-04-10,14,2473,14,27,2023-09-05T08:40:55+00:00,TypeScript,0
susi_server,2016-09-14,542,2469,783,837,2023-09-04T10:05:20+00:00,Java,1
Gaufrette,2011-01-18,335,2463,145,217,2023-09-02T21:29:37+00:00,PHP,17
fe-material,2018-01-17,0,2462,2,3,2023-08-21T17:39:09+00:00,fe-material,0
libchan,2014-06-10,43,2462,19,41,2023-09-01T06:34:34+00:00,Go,0
loadtest,2013-06-21,70,2460,140,141,2023-09-06T08:25:26+00:00,JavaScript,0
xzs-mysql,2020-08-30,437,2457,0,0,2023-09-06T09:09:40+00:00,JavaScript,6
tty,2012-09-30,22,2449,43,53,2023-09-05T09:06:55+00:00,Ruby,0
gopup,2020-03-20,0,2447,7,65,2023-09-05T01:05:43+00:00,Python,8
Top-AI-Conferences-Paper-with-Code,2020-06-27,30,2446,1,1,2023-09-06T09:27:03+00:00,Top-AI-Conferences-Paper-with-Code,0
luna,2011-06-03,18,2445,40,80,2023-09-01T02:37:41+00:00,C,0
ConsecutiveScroller,2020-03-15,6,2438,249,285,2023-09-05T11:24:54+00:00,Java,50
CSS-Secrets,2015-08-16,0,2437,53,89,2023-09-05T07:59:15+00:00,CSS-Secrets,0
Back-End-Developer-Interview-Questions,2016-01-13,3,2429,2,5,2023-09-05T08:32:35+00:00,Back-End-Developer-Interview-Questions,0
Cyberbrain,2020-03-23,39,2426,65,102,2023-09-05T15:46:59+00:00,Python,0
webpackmonitor,2017-09-14,62,2425,11,40,2023-08-28T05:06:23+00:00,JavaScript,0
react-native-view-shot,2016-08-23,97,2420,286,347,2023-09-05T17:10:38+00:00,JavaScript,20
coder,2013-06-19,5,2417,48,109,2023-08-06T21:03:10+00:00,JavaScript,0
android-material-design-icon-generator-plugin,2014-12-30,30,2416,29,45,2023-08-31T01:50:48+00:00,Java,4
email,2013-12-12,39,2411,47,87,2023-09-06T10:46:35+00:00,Go,7
Gopherus,2018-08-11,4,2410,11,12,2023-09-06T02:37:04+00:00,Python,0
hotcss,2015-09-16,3,2405,44,45,2023-09-05T01:05:22+00:00,CSS,0
susi_android,2016-09-21,881,2398,1194,1253,2023-09-01T02:34:46+00:00,Kotlin,3
f8app,2016-03-10,43,14024,187,206,2023-09-06T18:17:28+00:00,JavaScript,0
grav,2014-08-02,470,14023,2574,2959,2023-09-06T15:13:29+00:00,PHP,273
age,2019-05-18,74,14011,149,172,2023-09-06T18:51:21+00:00,Go,14
youmightnotneedjquery,2014-01-16,136,14002,132,137,2023-09-06T05:23:39+00:00,Astro,0
truffle,2015-06-29,2439,14002,2415,2920,2023-09-06T18:32:45+00:00,TypeScript,278
store.js,2010-06-27,55,13943,147,215,2023-09-06T19:47:13+00:00,JavaScript,0
electronic-wechat,2016-02-18,59,13913,395,593,2023-09-06T02:19:41+00:00,JavaScript,7
paper.js,2011-02-07,244,13905,1271,1616,2023-09-06T09:20:32+00:00,JavaScript,25
Ciphey,2019-07-16,323,13899,260,310,2023-09-06T17:11:58+00:00,Python,29
awesome-oss-alternatives,2021-11-15,116,13891,26,31,2023-09-06T19:44:24+00:00,Python,0
webpack-dashboard,2016-08-14,111,13886,189,219,2023-09-06T17:29:10+00:00,JavaScript,23
free-books,2019-08-19,10,13881,20,20,2023-09-06T03:16:59+00:00,free-books,0
brain.js,2016-02-13,219,13856,520,584,2023-09-06T18:33:08+00:00,TypeScript,20
WebFundamentals,2014-04-28,4887,13843,2754,3930,2023-09-06T18:44:59+00:00,JavaScript,3
wechat_jump_game,2017-12-29,146,13828,959,988,2023-09-05T19:35:50+00:00,Python,2
typescript-eslint,2019-01-13,3044,13820,3425,3826,2023-09-06T14:16:25+00:00,TypeScript,243
chaosmonkey,2016-10-18,48,13810,13,21,2023-09-06T15:08:38+00:00,Go,1
awesome-osint,2016-11-30,306,13783,67,70,2023-09-06T19:36:33+00:00,awesome-osint,0
Snap.svg,2013-08-15,44,13765,299,557,2023-09-06T02:00:34+00:00,JavaScript,0
imgaug,2015-07-10,313,13763,223,503,2023-09-05T14:03:17+00:00,Python,3
codelf,2015-12-13,5,13731,88,118,2023-09-06T11:31:56+00:00,JavaScript,0
gitleaks,2018-01-27,431,13731,535,626,2023-09-06T18:55:15+00:00,Go,155
MJRefresh,2014-05-23,109,13721,1333,1369,2023-09-06T01:47:26+00:00,Objective-C,38
bash-it,2010-10-02,1227,13703,593,626,2023-09-05T14:39:05+00:00,Shell,13
sops,2015-08-13,366,13694,366,696,2023-09-06T16:23:43+00:00,Go,21
FLEX,2014-05-29,194,13686,350,383,2023-09-06T18:31:47+00:00,Objective-C,31
stylegan,2019-02-04,0,13672,0,0,2023-09-06T09:23:12+00:00,Python,0
motion-canvas,2022-08-03,476,13670,203,269,2023-09-06T16:00:23+00:00,TypeScript,67
logger,2015-03-20,29,13647,135,204,2023-09-05T02:40:31+00:00,Java,16
mackup,2013-04-06,906,13634,375,658,2023-09-06T19:49:40+00:00,Python,18
stable-diffusion-webui-colab,2022-10-05,101,13631,312,325,2023-09-06T18:49:14+00:00,Jupyter Notebook,4
Sourcetrail,2015-12-09,168,13585,681,1037,2023-09-06T15:57:38+00:00,C++,9
Material-Animations,2015-03-08,12,13554,28,42,2023-09-06T14:15:50+00:00,Java,0
horovod,2017-08-09,1317,13547,1845,2198,2023-09-06T17:30:19+00:00,Python,24
tikv,2015-12-31,8434,13540,3438,4535,2023-09-06T18:47:59+00:00,Rust,169
prezto,2010-12-16,348,13529,898,1037,2023-09-06T04:51:21+00:00,Shell,0
Signal-Desktop,2014-02-24,601,13513,4818,5467,2023-09-06T19:10:54+00:00,TypeScript,621
beekeeper-studio,2019-07-23,360,13511,690,1188,2023-09-06T17:03:01+00:00,Vue,71
showdown,2008-11-13,140,13489,508,692,2023-09-06T17:33:40+00:00,JavaScript,54
pybind11,2015-07-05,1664,13474,1542,2015,2023-09-06T13:50:33+00:00,C++,21
technology-talk,2016-06-10,1,13468,10,10,2023-09-06T17:24:30+00:00,technology-talk,0
powerlevel9k,2015-01-29,447,13463,628,745,2023-09-03T18:22:35+00:00,Shell,10
kcptun,2016-02-26,19,13463,761,871,2023-09-06T15:23:14+00:00,Go,100
koreader,2013-03-24,5045,13453,4637,5219,2023-09-06T19:34:30+00:00,Lua,233
complete-javascript-course,2018-06-14,0,13431,56,159,2023-09-06T17:13:00+00:00,JavaScript,0
image,2013-01-19,174,13412,552,899,2023-09-05T12:38:57+00:00,PHP,0
IT_book,2020-04-27,0,13411,21,32,2023-09-06T16:20:27+00:00,IT_book,0
got,2014-03-27,516,13388,1313,1410,2023-09-06T18:19:32+00:00,TypeScript,132
git-history,2019-02-04,53,13386,51,110,2023-09-06T14:20:57+00:00,JavaScript,0
argo-workflows,2017-08-21,4430,13374,4474,5327,2023-09-06T15:25:16+00:00,Go,265
awesome-zsh-plugins,2014-10-07,1702,13371,37,42,2023-09-06T19:29:22+00:00,Shell,0
cachet,2014-11-16,1380,13369,2303,2303,2023-09-06T03:00:52+00:00,PHP,54
open-gpu-kernel-modules,2022-05-02,11,13363,155,259,2023-09-06T19:47:12+00:00,C,54
laravel-ide-helper,2013-03-10,389,13359,772,900,2023-09-06T09:53:55+00:00,PHP,36
nedb,2013-05-01,33,13357,401,568,2023-09-04T14:49:44+00:00,JavaScript,0
Luban,2016-07-24,11,13351,228,374,2023-09-06T08:39:09+00:00,Java,6
CVPR2023-Papers-with-Code,2020-02-26,4,13324,171,181,2023-09-06T17:07:10+00:00,CVPR2023-Papers-with-Code,0
ZY-Player,2019-11-27,41,13306,434,487,2023-09-06T15:09:44+00:00,Vue,3
source-code-hunter,2019-10-28,115,13303,18,26,2023-09-06T16:37:19+00:00,Java,0
navi,2019-09-20,450,13296,277,330,2023-09-06T09:59:33+00:00,Rust,66
ntfy,2021-10-23,201,13295,489,617,2023-09-06T19:50:47+00:00,Go,84
hls.js,2015-01-30,2548,13277,2491,2652,2023-09-06T13:42:00+00:00,TypeScript,269
learn_python3_spider,2019-04-02,7,13277,26,53,2023-09-06T15:56:57+00:00,Python,0
gollum,2010-03-29,558,13264,1173,1213,2023-09-06T08:16:32+00:00,Ruby,4
chartist,2014-03-09,140,13253,920,1117,2023-09-04T22:46:21+00:00,TypeScript,13
MalwareSourceCode,2020-10-10,9,13251,58,60,2023-09-06T17:24:37+00:00,Assembly,0
conv_arithmetic,2016-02-24,3,13246,25,31,2023-09-06T16:32:45+00:00,TeX,1
Amethyst,2013-05-17,451,13218,686,990,2023-09-06T18:55:40+00:00,Swift,91
xg2xg,2016-02-18,115,13214,7,29,2023-09-06T16:18:21+00:00,xg2xg,0
react-redux-typescript-guide,2016-12-20,69,13207,97,127,2023-09-05T07:46:51+00:00,TypeScript,0
macos-virtualbox,2018-11-04,25,13203,538,547,2023-09-05T22:08:35+00:00,Shell,3
supertest,2012-06-27,136,13198,424,581,2023-09-06T19:45:45+00:00,JavaScript,35
telegraf,2015-04-01,4966,13197,6541,6983,2023-09-06T02:41:07+00:00,Go,162
macOS-Simple-KVM,2019-04-22,19,13174,211,533,2023-09-05T23:22:09+00:00,Shell,0
azure-quickstart-templates,2015-04-22,9181,13161,567,1493,2023-09-06T13:52:36+00:00,Bicep,3
tfjs-models,2018-04-03,803,13160,0,0,2023-09-06T16:29:19+00:00,TypeScript,2
searx,2013-10-15,1152,13145,1423,1724,2023-09-06T17:06:10+00:00,Python,15
netbox,2016-02-29,1731,13130,8300,8588,2023-09-06T17:11:38+00:00,Python,268
python-mini-projects,2020-06-21,256,13120,147,184,2023-09-06T16:44:56+00:00,Python,0
server,2015-11-23,1817,13119,994,1050,2023-09-06T15:13:00+00:00,C#,143
CleanArchitecture,2019-10-07,204,13115,410,415,2023-09-06T18:01:00+00:00,C#,4
hacker101,2017-11-27,53,13112,61,73,2023-09-06T15:01:20+00:00,SCSS,0
react-canvas,2015-02-05,21,13082,47,111,2023-09-05T19:12:18+00:00,JavaScript,0
tree-sitter,2013-11-06,664,13081,782,1131,2023-09-06T19:54:14+00:00,Rust,58
angular-seed,2010-12-24,10,13080,206,216,2023-09-01T12:18:58+00:00,JavaScript,0
kaldi,2015-04-20,2653,13073,1444,1606,2023-09-06T15:16:15+00:00,Shell,0
flair,2018-06-11,1009,13057,2126,2172,2023-09-06T10:09:12+00:00,Python,23
nixpkgs,2012-06-04,188463,13039,25472,32328,2023-09-06T14:25:41+00:00,Nix,0
awesome-ruby,2014-07-03,681,13029,173,175,2023-09-06T19:14:37+00:00,awesome-ruby,0
solved-by-flexbox,2013-08-31,22,13020,71,93,2023-09-03T15:47:53+00:00,CSS,0
gpt4-pdf-chatbot-langchain,2023-03-17,9,13017,100,250,2023-09-06T18:00:22+00:00,TypeScript,0
js-must-watch,2014-06-21,24,13008,15,15,2023-09-06T18:23:28+00:00,js-must-watch,0
codis,2014-10-27,101,12961,1317,1600,2023-09-06T16:41:35+00:00,Go,37
wasmtime,2017-08-29,4499,12938,1418,1952,2023-09-06T19:52:28+00:00,Rust,74
kubeflow,2017-11-30,2606,12932,3566,3750,2023-09-06T15:05:57+00:00,TypeScript,81
guidance,2022-11-10,41,12914,107,226,2023-09-06T19:37:01+00:00,Jupyter Notebook,20
requirejs,2010-02-03,119,12899,1267,1522,2023-09-06T08:16:31+00:00,JavaScript,0
reactos,2017-10-03,4374,12896,0,0,2023-09-06T19:35:46+00:00,C,8
btop,2021-05-06,106,12882,220,391,2023-09-06T18:15:29+00:00,C++,44
show-me-the-code,2014-09-04,0,12869,12,13,2023-09-06T17:22:23+00:00,show-me-the-code,0
gitmoji,2016-10-21,901,14448,504,515,2023-09-06T16:11:04+00:00,TypeScript,24
browserify,2010-09-22,227,14437,1147,1508,2023-09-06T19:39:28+00:00,JavaScript,14
Chinese-LLaMA-Alpaca,2023-03-15,52,14431,687,692,2023-09-06T18:27:44+00:00,Python,12
DPlayer,2016-05-03,370,14395,0,0,2023-09-06T12:08:41+00:00,JavaScript,42
Awesome-pytorch-list,2017-03-01,94,14389,16,16,2023-09-06T15:31:08+00:00,Awesome-pytorch-list,0
hydra,2015-05-22,1413,14373,1385,1456,2023-09-06T18:26:02+00:00,Go,202
BigData-Notes,2019-03-10,7,14370,23,42,2023-09-06T15:12:54+00:00,Java,0
rrweb,2018-10-06,418,14360,632,770,2023-09-06T17:18:27+00:00,TypeScript,54
bootstrap,2012-10-05,69,14351,4184,4454,2023-09-04T02:19:33+00:00,JavaScript,5
dalle-mini,2021-07-03,140,14320,63,155,2023-09-06T06:33:07+00:00,Python,4
ecma262,2014-04-09,1288,14319,877,1178,2023-09-06T19:15:33+00:00,HTML,22
flarum,2014-12-30,47,14299,0,0,2023-09-06T15:09:48+00:00,PHP,23
Back-End-Developer-Interview-Questions,2014-06-06,36,14298,14,26,2023-09-06T16:21:12+00:00,Back-End-Developer-Interview-Questions,0
thingsboard,2016-12-01,2982,14289,4026,5340,2023-09-06T16:02:23+00:00,Java,55
ARouter,2016-12-14,79,14263,782,890,2023-09-06T07:28:43+00:00,Java,16
bootswatch,2012-02-07,273,14263,840,883,2023-09-06T19:39:31+00:00,JavaScript,0
gods,2015-03-04,79,14248,83,99,2023-09-06T19:23:15+00:00,Go,24
click,2014-04-24,729,14240,1414,1485,2023-09-06T13:54:12+00:00,Python,18
awesome-graphql,2015-07-12,518,14193,35,35,2023-09-06T19:38:20+00:00,awesome-graphql,0
WebViewJavascriptBridge,2011-08-28,77,14184,208,281,2023-09-05T12:13:50+00:00,Objective-C,0
caffeine,2014-12-13,306,14166,639,640,2023-09-06T13:44:01+00:00,Java,68
Grasscutter,2022-04-17,889,14141,904,983,2023-09-06T08:40:44+00:00,Java,17
label-studio,2019-06-19,2303,14132,1176,1703,2023-09-06T13:17:48+00:00,Python,58
jsdoc,2010-03-13,229,14119,1186,1581,2023-09-06T19:12:56+00:00,JavaScript,11
graphql-spec,2015-07-01,370,14107,348,488,2023-09-05T18:46:33+00:00,Shell,6
Screenshot-to-code,2017-10-16,6,14106,43,59,2023-09-06T07:16:32+00:00,HTML,0
foam,2020-06-19,493,14082,566,643,2023-09-06T04:24:10+00:00,TypeScript,86
plotly.py,2013-11-21,1194,14066,1348,2698,2023-09-06T16:58:50+00:00,Python,78
tensor2tensor,2017-06-15,506,14035,672,1247,2023-09-06T14:35:18+00:00,Python,75
GHunt,2020-10-02,41,14035,327,345,2023-09-06T02:09:09+00:00,Python,1
filepond,2017-10-09,83,14029,703,783,2023-09-06T12:42:24+00:00,JavaScript,72
f8app,2016-03-10,43,14024,187,206,2023-09-06T18:17:28+00:00,JavaScript,0
grav,2014-08-02,470,14023,2574,2959,2023-09-06T15:13:29+00:00,PHP,273
ent,2019-06-12,1670,14020,1170,1435,2023-09-06T13:09:19+00:00,Go,31
age,2019-05-18,74,14011,149,172,2023-09-06T18:51:21+00:00,Go,14
the-craft-of-selfteaching,2019-03-14,352,14003,58,170,2023-09-06T10:10:39+00:00,Jupyter Notebook,0
youmightnotneedjquery,2014-01-16,136,14002,132,137,2023-09-06T05:23:39+00:00,Astro,0
ip2region,2015-11-02,74,13997,181,211,2023-09-06T09:55:43+00:00,Go,0
argo-cd,2018-02-09,5755,13994,3998,6579,2023-09-06T11:32:03+00:00,Go,319
store.js,2010-06-27,55,13943,147,215,2023-09-06T19:47:13+00:00,JavaScript,0
gitui,2020-03-16,684,13941,667,776,2023-09-06T15:56:04+00:00,Rust,50
paper.js,2011-02-07,244,13905,1271,1616,2023-09-06T09:20:32+00:00,JavaScript,25
powerline,2012-06-12,450,13904,1258,1456,2023-09-06T18:44:51+00:00,Python,22
Ciphey,2019-07-16,323,13899,260,310,2023-09-06T17:11:58+00:00,Python,29
awesome-oss-alternatives,2021-11-15,116,13891,26,31,2023-09-06T19:44:24+00:00,Python,0
ranger,2009-06-04,551,13882,1302,1993,2023-09-05T20:45:09+00:00,Python,0
free-books,2019-08-19,10,13881,20,20,2023-09-06T03:16:59+00:00,free-books,0
awesome-programming-books,2016-05-24,5,13867,10,39,2023-09-06T16:32:51+00:00,awesome-programming-books,0
Perfect,2015-10-02,75,13858,138,192,2023-09-05T14:50:44+00:00,Swift,1
brain.js,2016-02-13,219,13856,520,584,2023-09-06T18:33:08+00:00,TypeScript,20
practical-python,2020-05-24,34,9292,76,79,2023-09-05T07:47:05+00:00,Python,0
pandas_exercises,2016-07-12,43,9275,45,61,2023-09-06T11:21:32+00:00,Jupyter Notebook,0
minetest,2011-08-07,2987,9273,5955,7049,2023-09-06T15:57:46+00:00,C++,25
amplify-js,2017-10-02,3072,9270,5337,5890,2023-09-06T06:54:59+00:00,TypeScript,102
webhook,2015-01-12,162,9254,304,381,2023-09-06T16:07:12+00:00,Go,31
node-gyp,2012-02-03,232,9253,1961,2130,2023-09-06T13:56:22+00:00,Python,11
GoodbyeDPI,2017-05-16,10,9245,231,289,2023-09-06T18:48:47+00:00,C,27
falcon,2012-12-06,986,9240,834,984,2023-09-06T15:19:27+00:00,Python,16
Goutte,2010-04-21,98,9239,174,312,2023-09-06T12:09:53+00:00,PHP,7
Windows-universal-samples,2015-03-06,38,9229,1014,1119,2023-09-06T15:13:05+00:00,JavaScript,541
tpot,2015-11-03,358,9211,624,895,2023-09-06T19:53:20+00:00,Python,29
webamp,2014-11-04,473,9195,378,492,2023-09-06T12:56:23+00:00,TypeScript,0
elasticsearch-head,2011-06-16,76,9187,170,325,2023-09-06T09:55:18+00:00,JavaScript,1
awesome-nextjs,2016-12-01,159,9187,9,17,2023-09-06T13:33:38+00:00,awesome-nextjs,0
electerm,2017-10-07,892,9186,1594,1948,2023-09-06T17:29:44+00:00,JavaScript,359
grammars-v4,2012-09-25,2181,9166,825,1249,2023-09-06T17:42:20+00:00,ANTLR,0
moshi,2014-08-09,681,9158,755,837,2023-09-06T02:03:42+00:00,Kotlin,0
react-email,2022-09-19,484,9158,218,282,2023-09-06T18:20:59+00:00,TypeScript,4
lists,2013-11-14,152,9157,11,12,2023-09-06T11:45:01+00:00,lists,0
BrowserQuest,2011-09-30,2,9154,0,0,2023-09-03T16:29:43+00:00,JavaScript,0
dogehouse,2021-02-12,1161,9153,1001,1219,2023-09-04T06:02:19+00:00,TypeScript,51
AudioGPT,2023-03-16,22,9151,10,44,2023-09-06T16:50:15+00:00,Python,0
maskrcnn-benchmark,2018-10-24,197,9151,563,1062,2023-09-06T01:55:33+00:00,Python,1
grpcurl,2017-11-20,155,9143,133,205,2023-09-06T16:50:44+00:00,Go,21
coursera-dl,2012-03-21,143,9117,460,637,2023-09-06T00:03:59+00:00,Python,0
computervision-recipes,2019-02-11,341,9111,197,258,2023-09-06T14:31:35+00:00,Jupyter Notebook,3
livego,2017-05-28,32,9109,51,178,2023-09-06T14:40:24+00:00,Go,12
IdentityServer4,2015-11-22,691,9108,4538,4538,2023-09-06T13:56:02+00:00,C#,66
bourbon,2011-04-23,330,9103,559,564,2023-09-05T08:51:11+00:00,Ruby,55
rq,2011-11-14,664,9090,925,1075,2023-09-06T15:24:32+00:00,Python,27
serverless-application-model,2016-10-10,1445,9089,1196,1302,2023-09-06T19:04:59+00:00,Python,82
spotifyd,2014-12-10,266,9082,669,727,2023-09-06T13:02:39+00:00,Rust,83
mock,2015-06-12,183,9078,327,388,2023-09-05T07:10:11+00:00,Go,13
broot,2018-11-15,120,9059,390,564,2023-09-06T19:04:05+00:00,Rust,161
nyxt,2017-04-08,731,9051,1698,2056,2023-09-06T07:40:37+00:00,Common Lisp,32
Waking-Up,2019-11-29,19,9045,15,34,2023-09-06T14:54:33+00:00,Waking-Up,0
Sonarr,2011-09-27,908,9044,4597,4694,2023-09-06T16:49:43+00:00,C#,0
MaterialDesignLibrary,2014-09-30,20,9027,124,334,2023-09-02T11:13:24+00:00,Java,3
box,2022-05-10,2,9024,0,0,2023-09-06T19:25:39+00:00,box,0
react-native-router-flux,2015-08-25,511,9019,2825,3106,2023-08-28T19:38:54+00:00,JavaScript,53
Keras-GAN,2017-07-11,15,9016,101,223,2023-09-06T11:54:06+00:00,Python,0
awesome-guidelines,2017-07-12,61,9015,0,0,2023-09-06T08:46:18+00:00,JavaScript,0
feign,2013-06-26,947,8992,765,948,2023-09-06T07:54:46+00:00,Java,31
spug,2018-01-31,48,8985,380,547,2023-09-06T07:47:03+00:00,JavaScript,71
textql,2014-02-03,30,8970,56,91,2023-09-06T13:52:58+00:00,Go,0
FreeRDP,2011-06-30,4507,8966,3636,4022,2023-09-06T18:17:44+00:00,C,34
AgentWeb,2017-05-12,10,8966,941,1026,2023-09-06T06:11:37+00:00,Java,19
BingGPT,2023-02-16,1,8961,66,285,2023-09-06T18:44:30+00:00,JavaScript,19
AndroidNote,2016-01-04,11,8961,52,101,2023-09-06T08:30:19+00:00,Java,0
gdrive,2013-01-01,28,8958,194,594,2023-09-06T11:46:45+00:00,Go,2
pytorch-a2c-ppo-acktr-gail,2017-08-22,49,3278,146,229,2023-09-06T19:51:00+00:00,Python,0
faceswap-GAN,2017-12-23,5,3277,78,171,2023-09-04T16:49:17+00:00,Jupyter Notebook,0
PlainTasks,2012-04-16,47,3273,269,347,2023-08-18T08:23:36+00:00,Python,0
graphqurl,2018-07-20,40,3271,17,52,2023-09-05T18:46:23+00:00,JavaScript,0
massa,2021-11-08,1119,3269,2720,2860,2023-09-06T19:48:00+00:00,Rust,73
gofakeit,2015-04-24,79,3268,134,142,2023-09-04T17:49:27+00:00,Go,2
headphones,2011-05-21,345,3266,2312,2808,2023-09-05T14:07:54+00:00,Python,29
patator,2014-08-25,17,3264,133,154,2023-09-03T02:18:55+00:00,Python,0
element3,2020-07-24,225,3262,234,279,2023-09-06T01:49:31+00:00,JavaScript,29
pathfinder,2017-01-07,191,3258,199,283,2023-09-06T07:36:28+00:00,Rust,3
awesome-api-devtools,2015-06-23,68,3256,8,9,2023-09-06T13:52:23+00:00,awesome-api-devtools,0
preserve-cd,2020-11-26,4,3255,9,26,2023-09-06T07:15:32+00:00,preserve-cd,0
LeafPic,2016-01-07,195,3253,299,363,2023-08-31T16:02:06+00:00,Java,7
react-native-render-html,2016-11-29,71,3242,448,487,2023-09-05T11:06:24+00:00,TypeScript,95
Begin-Latex-in-minutes,2016-10-30,36,3239,15,17,2023-09-01T10:44:36+00:00,Begin-Latex-in-minutes,0
chatgpt-android,2022-12-09,80,3232,57,80,2023-09-06T02:03:31+00:00,Kotlin,12
red5-server,2013-11-19,55,3227,214,247,2023-09-06T06:36:23+00:00,Java,77
C,2012-08-23,0,3226,8,31,2023-09-06T03:10:18+00:00,C,0
JHChainableAnimations,2015-04-30,11,3225,30,38,2023-08-23T06:40:20+00:00,Objective-C,0
Font-Awesome-SVG-PNG,2014-01-25,12,3223,43,58,2023-09-06T17:32:52+00:00,JavaScript,3
BookStack,2018-02-25,6,3219,51,154,2023-09-06T12:08:10+00:00,Go,21
Android-PIN-Bruteforce,2020-08-18,1,3216,62,97,2023-09-06T16:48:06+00:00,Shell,0
blog,2015-08-10,0,3211,13,69,2023-08-28T19:18:16+00:00,blog,0
zephir,2013-07-17,1016,3205,1076,1175,2023-09-02T23:01:22+00:00,PHP,104
List-Of-Open-Source-Internships-Programs,2020-05-29,69,3203,50,52,2023-09-06T18:26:40+00:00,List-Of-Open-Source-Internships-Programs,8
novel-plus,2020-05-02,3,3201,0,0,2023-09-06T16:28:56+00:00,Java,21
imageproxy,2013-12-06,57,3199,144,203,2023-09-06T02:23:05+00:00,Go,16
anu,2017-02-28,900,3195,226,261,2023-09-03T02:14:56+00:00,JavaScript,12
MagazineLayout,2018-11-16,51,3190,36,46,2023-09-02T08:44:58+00:00,Swift,0
lit,2020-07-28,678,3190,76,118,2023-09-06T11:51:03+00:00,TypeScript,7
event-dispatcher-contracts,2019-05-27,0,3186,0,0,2023-09-06T09:01:48+00:00,PHP,3
portfolio_website,2021-05-25,3,3184,5,20,2023-09-06T11:12:01+00:00,JavaScript,0
sakura,2018-05-26,58,3183,217,233,2023-09-06T13:42:18+00:00,PHP,43
jscpd,2013-05-29,209,3181,248,292,2023-09-05T20:14:59+00:00,TypeScript,0
harfbuzz,2012-07-14,2035,3181,1778,1846,2023-09-06T05:48:40+00:00,C++,106
minitest,2009-02-18,1,3180,489,499,2023-09-06T14:27:55+00:00,Ruby,0
diaphora,2015-03-20,37,3177,197,219,2023-09-05T08:16:12+00:00,Python,9
wisper,2013-03-29,68,3177,93,96,2023-09-05T12:15:15+00:00,Ruby,0
LinkFinder,2017-06-09,35,3175,35,71,2023-09-05T21:51:02+00:00,Python,0
bluepill,2017-01-11,229,3171,210,252,2023-09-01T14:10:12+00:00,Objective-C,64
luau,2018-09-14,422,3171,255,353,2023-09-05T20:16:13+00:00,C++,88
CSS-Keylogging,2018-02-20,0,3169,5,5,2023-09-03T09:25:57+00:00,CSS,0
catalyst,2018-08-20,950,3169,351,353,2023-09-06T16:45:00+00:00,Python,41
wallpapper,2018-07-12,6,3165,52,63,2023-09-06T19:01:43+00:00,Swift,18
Parchment,2016-03-13,243,3163,418,429,2023-09-06T08:50:48+00:00,Swift,38
tcomb-form-native,2015-03-28,86,3161,354,466,2023-09-02T03:29:34+00:00,JavaScript,51
PermissionX,2019-10-30,0,3160,208,249,2023-09-06T08:07:43+00:00,Kotlin,0
client,2022-09-25,49,3160,117,119,2023-09-06T17:58:22+00:00,PHP,8
mcrouter,2014-01-24,3,3157,188,282,2023-09-01T03:20:14+00:00,C++,6
beringei,2016-10-11,0,3157,0,0,2023-09-01T03:20:19+00:00,C++,0
incremental-dom,2015-06-11,256,3515,92,143,2023-09-05T15:54:14+00:00,TypeScript,1
sync-engine,2014-01-15,76,3510,263,324,2023-08-19T00:08:12+00:00,Python,3
ByteLegend,2021-02-01,21,3509,58,98,2023-09-04T06:05:31+00:00,Java,0
mythril,2017-09-18,872,3508,721,820,2023-09-06T13:56:54+00:00,Python,125
blackhat-arsenal-tools,2017-07-21,116,3505,10,10,2023-09-05T06:32:18+00:00,blackhat-arsenal-tools,0
fastpages,2020-02-03,235,3496,328,328,2023-09-04T00:51:15+00:00,Jupyter Notebook,9
verona,2019-09-14,413,3491,152,152,2023-09-04T10:26:22+00:00,C++,0
GeekNews,2016-08-07,4,3491,89,137,2023-09-06T08:38:10+00:00,Java,0
real-world-react-apps,2017-07-02,6,3481,3,3,2023-09-03T13:59:41+00:00,real-world-react-apps,0
greenshot,2015-06-02,147,3480,140,303,2023-09-05T22:30:57+00:00,C#,16
awesome-bots,2017-02-27,68,3476,0,3,2023-09-05T19:59:38+00:00,awesome-bots,0
consolidate.js,2011-12-03,124,3474,122,166,2023-09-02T13:42:56+00:00,JavaScript,2
bqplot,2015-09-26,881,3470,367,586,2023-09-06T17:20:40+00:00,TypeScript,22
min-dalle,2022-06-27,16,3461,54,74,2023-09-02T07:10:38+00:00,Python,5
nosqlclient,2016-02-07,114,3457,400,417,2023-09-03T17:46:55+00:00,JavaScript,13
material-table,2018-08-06,325,3457,2571,2588,2023-09-04T21:18:20+00:00,JavaScript,111
nearley,2014-02-23,113,3454,290,448,2023-09-06T14:31:42+00:00,JavaScript,1
alt,2014-12-19,194,3450,340,451,2023-07-15T16:37:04+00:00,JavaScript,0
vue-sell,2017-01-04,2,3446,38,83,2023-09-02T07:59:09+00:00,Vue,0
java-tron,2017-12-26,3199,3445,1239,1258,2023-09-06T18:37:33+00:00,Java,73
Awesome-Networking,2015-08-30,1,3444,0,2,2023-09-05T11:52:58+00:00,Awesome-Networking,0
react-docgen,2015-02-27,415,3444,232,309,2023-09-06T15:47:55+00:00,TypeScript,94
cpp_new_features,2021-07-09,1,3444,1,8,2023-09-06T14:21:54+00:00,C++,0
BonMot,2015-05-21,172,3443,176,229,2023-08-31T00:25:36+00:00,Swift,48
mapnik,2011-10-11,700,3435,2883,3539,2023-09-03T13:43:19+00:00,C++,13
app-privacy-policy-generator,2017-02-21,44,3435,62,89,2023-09-06T07:17:13+00:00,Sass,18
Toast-Swift,2015-11-01,22,3434,107,140,2023-09-05T15:14:04+00:00,Swift,0
reapp,2014-12-19,15,3430,0,0,2023-08-19T18:20:22+00:00,JavaScript,0
wikiextractor,2015-03-22,30,3427,118,232,2023-09-06T06:06:12+00:00,Python,4
quantstats,2019-05-01,40,3423,160,210,2023-09-05T15:50:34+00:00,Python,15
react-proto,2018-07-24,66,3418,19,25,2023-09-05T06:04:12+00:00,JavaScript,3
ConfuserEx,2014-03-28,22,3417,319,617,2023-09-05T06:20:20+00:00,C#,12
cplusplus-_Implementation_Of_Introduction_to_Algorithms,2016-03-26,0,3417,0,6,2023-09-06T18:12:32+00:00,C++,0
minify,2014-05-21,83,3415,466,482,2023-09-05T21:04:44+00:00,Go,83
chrono,2012-08-04,124,3413,250,368,2023-09-05T15:52:20+00:00,TypeScript,47
mapshaper,2013-02-19,4,3413,459,565,2023-09-05T08:50:03+00:00,JavaScript,390
oauth2orize,2012-07-09,40,3411,98,157,2023-08-31T18:48:06+00:00,JavaScript,0
reshade,2016-06-15,159,3408,0,0,2023-09-04T18:13:11+00:00,C++,0
ControlNet-v1-1-nightly,2023-03-14,0,3408,55,96,2023-09-06T16:05:36+00:00,Python,0
vcmi,2014-04-06,1518,3405,671,1068,2023-09-06T15:18:02+00:00,C++,11
plugin-directory,2014-05-11,786,3403,218,219,2023-08-31T07:57:19+00:00,Ruby,0
webrtc-ips,2015-01-26,6,3396,14,33,2023-09-05T02:18:32+00:00,HTML,0
rails-composer,2012-07-24,11,3395,193,239,2023-09-05T20:49:13+00:00,Ruby,0
xxim-server,2022-10-02,33,3395,2,8,2023-09-06T13:23:23+00:00,Go,0
Mezzano,2015-01-27,111,3393,26,63,2023-09-02T22:38:34+00:00,Common Lisp,5
confluent-kafka-python,2016-04-14,334,3393,839,1060,2023-09-06T15:20:08+00:00,Python,25
AmnesiaTheDarkDescent,2020-09-15,0,3391,6,18,2023-09-04T21:59:54+00:00,C++,0
asciimatics,2015-04-15,66,3390,266,291,2023-09-06T09:17:55+00:00,Python,10
NewbieGuide,2017-07-28,3,3389,105,199,2023-09-04T07:46:24+00:00,Java,20
awesome-dataviz,2015-07-21,61,3388,7,10,2023-09-05T00:58:54+00:00,awesome-dataviz,0
seaborn,2012-06-18,789,11063,2263,2369,2023-09-06T15:21:28+00:00,Python,33
snabbdom,2015-05-09,459,11041,353,431,2023-09-06T12:07:38+00:00,TypeScript,11
react-devtools,2013-09-04,408,11028,840,840,2023-08-30T13:44:18+00:00,react-devtools,7
FastPhotoStyle,2018-02-14,6,11027,39,86,2023-09-06T02:44:21+00:00,Python,1
DearPyGui,2020-05-28,398,11016,990,1207,2023-09-06T17:58:45+00:00,C++,33
ansible-examples,2013-03-18,117,10987,45,93,2023-09-06T14:01:50+00:00,Shell,0
vue-hackernews-2.0,2016-08-05,36,10976,174,285,2023-09-06T10:27:36+00:00,JavaScript,0
barba,2015-11-12,59,10975,626,628,2023-09-06T10:57:42+00:00,TypeScript,8
GitUp,2015-08-13,114,10974,403,726,2023-09-05T07:59:03+00:00,Objective-C,36
DOOM,2012-01-31,0,10971,0,0,2023-09-06T19:01:18+00:00,C,0
blessed,2013-01-27,16,10968,132,334,2023-09-06T12:47:42+00:00,JavaScript,0
seafile,2012-07-12,344,10949,2036,2197,2023-09-06T16:27:41+00:00,C,61
webmagic,2013-04-23,111,10942,601,914,2023-09-04T13:33:03+00:00,Java,24
Effeckt.css,2013-07-02,151,10942,137,137,2023-08-30T05:29:18+00:00,CSS,0
lexer,2013-01-12,79,10935,8,10,2023-09-05T21:16:54+00:00,PHP,10
developer,2023-05-13,28,10928,27,80,2023-09-06T18:33:29+00:00,Python,0
laravel-admin,2015-12-30,817,10927,4145,4328,2023-09-06T10:15:58+00:00,PHP,70
dolphin,2013-07-22,10128,10922,0,0,2023-09-06T18:27:28+00:00,C++,0
cargo,2014-03-04,5042,10914,5090,6495,2023-09-06T15:01:09+00:00,Rust,0
PowerSploit,2012-05-26,80,10912,121,188,2023-09-06T09:52:40+00:00,PowerShell,2
cesium,2012-03-02,5256,10908,4188,5469,2023-09-06T16:01:56+00:00,JavaScript,149
proton-native,2017-11-21,67,10903,182,217,2023-09-06T12:56:19+00:00,TypeScript,0
magento2,2011-11-30,7629,10876,21989,23586,2023-09-06T19:59:52+00:00,PHP,137
emoji-cheat-sheet,2017-03-17,396,10871,58,98,2023-09-06T19:22:43+00:00,TypeScript,0
CtCI-6th-Edition,2015-07-02,42,10871,21,69,2023-09-06T19:05:53+00:00,Java,0
fpm,2011-01-03,546,10866,574,1236,2023-09-06T06:14:44+00:00,Ruby,3
interview,2014-07-20,72,10846,26,87,2023-09-05T23:03:47+00:00,Java,0
a-picture-is-worth-a-1000-words,2020-02-17,5,10845,1,13,2023-09-06T17:36:08+00:00,a-picture-is-worth-a-1000-words,0
diffusionbee-stable-diffusion-ui,2022-09-06,30,10833,94,385,2023-09-06T18:43:02+00:00,JavaScript,16
compromise,2011-07-05,327,10833,561,651,2023-09-06T19:31:57+00:00,JavaScript,75
MagicalRecord,2010-07-27,180,10832,729,957,2023-09-01T08:19:37+00:00,Objective-C,10
sumatrapdf,2012-10-02,117,10827,2256,2815,2023-09-06T17:22:05+00:00,C,11
bocker,2015-07-14,10,10827,8,15,2023-09-06T18:06:49+00:00,Shell,0
bloc,2018-10-07,1056,10821,2337,2445,2023-09-06T09:52:40+00:00,Dart,471
fast-style-transfer,2016-07-21,15,10793,131,231,2023-09-06T08:11:34+00:00,Python,0
google-api-nodejs-client,2013-03-06,1209,10791,1447,1614,2023-09-06T11:45:53+00:00,TypeScript,3132
UnityCsReference,2018-03-23,0,10783,0,0,2023-09-06T16:37:14+00:00,C#,0
ios-good-practices,2014-09-01,45,10763,11,26,2023-09-06T06:17:17+00:00,ios-good-practices,0
openalpr,2013-11-09,124,10757,302,790,2023-09-06T12:41:36+00:00,C++,7
wifi-cracking,2017-07-23,13,10757,23,70,2023-09-06T18:50:04+00:00,wifi-cracking,4
quicklink,2018-11-23,200,10755,86,120,2023-09-06T09:42:58+00:00,JavaScript,7
AngularJS-Learning,2013-06-06,252,10750,0,0,2023-09-03T15:40:55+00:00,AngularJS-Learning,0
daterangepicker,2012-08-20,197,10743,0,0,2023-09-06T09:00:44+00:00,JavaScript,62
terraformer,2019-05-01,734,10735,695,722,2023-09-06T19:56:46+00:00,Go,33
ag-grid,2014-12-23,1157,10735,5354,5389,2023-09-06T17:41:26+00:00,TypeScript,205
numpy-100,2014-05-27,78,10670,50,78,2023-09-06T18:59:07+00:00,Python,2
AriaNg,2016-05-13,12,10669,632,658,2023-09-06T19:20:50+00:00,JavaScript,35
jwt-go,2012-04-18,73,10667,216,315,2023-09-06T13:28:35+00:00,Go,0
node-restify,2011-04-25,578,10653,1009,1102,2023-09-04T13:47:27+00:00,JavaScript,12
zeal,2013-01-20,165,10649,1070,1257,2023-09-06T17:17:00+00:00,C++,10
scipy,2011-03-09,7940,11652,7958,9359,2023-09-06T19:31:04+00:00,Python,81
v2ray-rules-dat,2019-12-10,15,11650,241,244,2023-09-06T15:33:39+00:00,v2ray-rules-dat,1582
martini,2013-10-30,156,11607,209,221,2023-09-06T13:33:06+00:00,Go,3
openresty,2010-01-20,104,11583,447,721,2023-09-06T09:38:30+00:00,C,14
downshift,2017-07-25,596,11579,745,789,2023-09-06T03:45:22+00:00,JavaScript,257
card,2013-12-27,185,11576,293,353,2023-09-06T12:31:48+00:00,SCSS,43
DOMPurify,2014-02-17,313,11574,504,504,2023-09-06T18:52:01+00:00,JavaScript,95
prism,2012-07-10,1662,11566,1305,1595,2023-09-06T14:13:43+00:00,JavaScript,41
overleaf,2014-02-08,112,11562,673,918,2023-09-06T17:49:03+00:00,JavaScript,4
virtual-dom,2014-01-23,89,11559,158,267,2023-09-03T01:23:57+00:00,JavaScript,0
awesome-flask,2014-03-08,78,11554,14,34,2023-09-06T05:52:37+00:00,awesome-flask,0
zookeeper,2009-03-27,70,11528,0,0,2023-09-06T10:15:28+00:00,Java,0
rofi,2013-01-20,252,11528,1167,1208,2023-09-06T19:06:20+00:00,C,36
awesome-competitive-programming,2015-11-20,46,11505,27,35,2023-09-06T06:30:30+00:00,awesome-competitive-programming,0
edgedb,2017-06-29,3436,11503,1323,1817,2023-09-05T19:02:17+00:00,Python,24
CMAK,2015-01-28,159,11488,191,679,2023-09-06T08:50:37+00:00,Scala,5
PHPExcel,2012-06-18,94,11483,430,992,2023-09-04T08:23:59+00:00,PHP,0
Java,2015-11-25,0,11480,18,59,2023-09-06T15:03:26+00:00,Java,0
return-youtube-dislike,2021-11-15,245,11459,384,528,2023-09-06T16:51:41+00:00,JavaScript,2
monkeytype,2020-05-14,1851,11456,1531,1559,2023-09-06T18:30:36+00:00,TypeScript,144
mit-deep-learning-book-pdf,2017-04-07,6,11455,6,16,2023-09-06T14:11:20+00:00,Java,3
peerjs,2012-12-23,165,11450,714,860,2023-09-06T16:40:35+00:00,TypeScript,21
mousetrap,2012-07-05,31,11448,183,373,2023-09-02T03:55:09+00:00,JavaScript,14
shepherd,2013-12-17,1741,11440,498,538,2023-09-06T17:16:34+00:00,JavaScript,129
laravel-permission,2015-09-14,448,11439,1340,1341,2023-09-06T14:55:54+00:00,PHP,179
30-seconds-of-interviews,2018-04-07,118,11432,48,51,2023-09-06T10:05:34+00:00,JavaScript,0
30DaysofSwift,2016-02-13,25,11430,27,34,2023-09-06T06:19:47+00:00,Swift,0
node-postgres,2010-10-15,565,11427,1802,2190,2023-09-06T15:43:42+00:00,JavaScript,0
realm-java,2012-04-20,2704,11407,4198,4556,2023-09-02T02:39:28+00:00,Java,0
Respond,2011-02-07,35,11384,181,256,2023-09-05T06:45:11+00:00,JavaScript,5
rust-raspberrypi-OS-tutorials,2018-03-31,51,11365,72,76,2023-09-06T19:33:51+00:00,Rust,0
workflow,2020-07-29,724,11351,476,490,2023-09-06T14:58:47+00:00,C++,21
medis,2015-10-12,19,11339,135,193,2023-09-05T20:05:14+00:00,JavaScript,5
mml-book.github.io,2017-12-08,6,11337,592,743,2023-09-05T23:01:01+00:00,Jupyter Notebook,0
blur-admin,2016-04-08,5,11332,147,372,2023-09-06T09:45:37+00:00,JavaScript,1
labs,2016-04-20,276,11326,116,171,2023-09-06T12:56:21+00:00,PHP,0
vpncn.github.io,2020-02-14,0,11311,0,0,2023-09-06T15:23:39+00:00,HTML,0
synapse,2014-08-11,8687,11298,4979,6401,2023-09-06T19:13:29+00:00,Python,509
sealos,2018-08-15,2000,11276,1464,1517,2023-09-06T14:24:13+00:00,Go,138
react-native-macos,2015-10-04,63,11273,126,173,2023-09-05T15:58:06+00:00,JavaScript,9
arduino-esp32,2016-10-06,1731,11263,5542,5971,2023-09-06T19:54:12+00:00,C,46
aspnetboilerplate,2013-08-18,1009,11258,5275,5492,2023-09-06T15:23:18+00:00,C#,235
Best-README-Template,2018-12-10,20,11251,23,27,2023-09-06T17:13:18+00:00,Best-README-Template,0
fullstack-tutorial,2018-04-13,26,11244,18,36,2023-09-06T09:24:59+00:00,Java,0
ios_rule_script,2020-06-30,23,11223,843,864,2023-09-06T18:51:27+00:00,JavaScript,0
spectre,2016-03-07,103,11217,308,472,2023-09-06T05:43:26+00:00,CSS,40
react-slick,2014-11-16,235,11216,1227,1619,2023-09-06T14:41:37+00:00,JavaScript,40
tippyjs,2017-04-01,155,11213,844,907,2023-09-06T19:16:46+00:00,JavaScript,89
raphael,2008-09-02,53,11213,565,879,2023-09-05T06:12:40+00:00,JavaScript,6
document-style-guide,2016-10-12,17,11199,43,43,2023-09-06T12:00:16+00:00,document-style-guide,0
